"","year","months","state","colony_n","colony_max","colony_lost","colony_lost_pct","colony_added","colony_reno","colony_reno_pct"
"1",2015,"January-March","Alabama",7000,7000,1800,26,2800,250,4
"2",2015,"January-March","Arizona",35000,35000,4600,13,3400,2100,6
"3",2015,"January-March","Arkansas",13000,14000,1500,11,1200,90,1
"4",2015,"January-March","California",1440000,1690000,255000,15,250000,124000,7
"5",2015,"January-March","Colorado",3500,12500,1500,12,200,140,1
"6",2015,"January-March","Connecticut",3900,3900,870,22,290,NA,NA
"7",2015,"January-March","Florida",305000,315000,42000,13,54000,25000,8
"8",2015,"January-March","Georgia",104000,105000,14500,14,47000,9500,9
"9",2015,"January-March","Hawaii",10500,10500,380,4,3400,760,7
"10",2015,"January-March","Idaho",81000,88000,3700,4,2600,8000,9
"11",2015,"January-March","Illinois",6000,10500,4200,40,2300,390,4
"12",2015,"January-March","Indiana",9000,9500,2100,22,490,120,1
"13",2015,"January-March","Iowa",12500,17500,3100,18,1700,270,2
"14",2015,"January-March","Kansas",4600,7000,1600,23,450,70,1
"15",2015,"January-March","Kentucky",7500,10500,4100,39,250,NA,NA
"16",2015,"January-March","Louisiana",51000,51000,8000,16,3100,6500,13
"17",2015,"January-March","Maine",3100,6500,380,6,20,NA,NA
"18",2015,"January-March","Maryland",7500,10000,4100,41,1600,870,9
"19",2015,"January-March","Massachusetts",2900,4600,1000,22,260,120,3
"20",2015,"January-March","Michigan",16500,60000,11500,19,7500,2400,4
"21",2015,"January-March","Minnesota",28000,74000,3700,5,690,530,1
"22",2015,"January-March","Mississippi",34000,76000,8500,11,22000,7500,10
"23",2015,"January-March","Missouri",12000,13000,2000,15,220,910,7
"24",2015,"January-March","Montana",8500,36000,2200,6,1400,1100,3
"25",2015,"January-March","Nebraska",10000,31000,2600,8,120,310,1
"26",2015,"January-March","New Jersey",6000,9000,1100,12,570,1600,18
"27",2015,"January-March","New Mexico",7000,7000,690,10,190,600,9
"28",2015,"January-March","New York",27000,30000,6500,22,430,950,3
"29",2015,"January-March","North Carolina",24000,26000,7000,27,6000,690,3
"30",2015,"January-March","North Dakota",57000,120000,620,1,1800,530,NA
"31",2015,"January-March","Ohio",18000,22000,10500,48,5000,3300,15
"32",2015,"January-March","Oklahoma",9500,26000,6000,23,2600,260,1
"33",2015,"January-March","Oregon",77000,87000,6500,8,4300,2400,3
"34",2015,"January-March","Pennsylvania",14000,21000,6500,31,360,NA,NA
"35",2015,"January-March","South Carolina",17000,17500,2700,15,2700,1400,8
"36",2015,"January-March","South Dakota",50000,97000,4600,5,8500,2800,3
"37",2015,"January-March","Tennessee",9500,9500,2000,21,1000,190,2
"38",2015,"January-March","Texas",191000,250000,26000,10,82000,51000,20
"39",2015,"January-March","Utah",6000,24000,3300,14,2500,290,1
"40",2015,"January-March","Vermont",5500,5500,700,13,1200,20,NA
"41",2015,"January-March","Virginia",8000,9000,2500,28,800,460,5
"42",2015,"January-March","Washington",52000,105000,14000,13,13500,9000,9
"43",2015,"January-March","West Virginia",4700,6000,1800,30,570,60,1
"44",2015,"January-March","Wisconsin",16500,29000,8000,28,3100,2500,9
"45",2015,"January-March","Wyoming",5500,12000,2000,17,2000,1400,12
"46",2015,"January-March","Other States",3410,8990,2080,23,870,150,2
"47",2015,"January-March","United States",2824610,NA,500020,18,546980,270530,10
"48",2015,"April-June","Alabama",7500,7500,860,12,1900,680,9
"49",2015,"April-June","Arizona",33000,33000,5500,17,19500,7000,21
"50",2015,"April-June","Arkansas",13500,13500,1900,14,11500,5500,41
"51",2015,"April-June","California",1040000,1050000,104000,10,170000,285000,27
"52",2015,"April-June","Colorado",12000,25000,1900,8,6000,3500,14
"53",2015,"April-June","Connecticut",3000,3000,80,3,1100,150,5
"54",2015,"April-June","Florida",210000,215000,35000,16,44000,24000,11
"55",2015,"April-June","Georgia",114000,124000,23000,19,25000,19000,15
"56",2015,"April-June","Hawaii",13500,13500,120,1,1100,1200,9
"57",2015,"April-June","Idaho",62000,72000,6500,9,16500,10500,15
"58",2015,"April-June","Illinois",9500,9500,1300,14,6000,1500,16
"59",2015,"April-June","Indiana",8000,12500,1300,10,4900,4300,34
"60",2015,"April-June","Iowa",12500,24000,1400,6,6500,3100,13
"61",2015,"April-June","Kansas",6000,7000,670,10,2800,420,6
"62",2015,"April-June","Kentucky",7500,8500,980,12,3600,1500,18
"63",2015,"April-June","Louisiana",44000,45000,1800,4,6500,8000,18
"64",2015,"April-June","Maine",4600,30000,3200,11,3500,700,2
"65",2015,"April-June","Maryland",8000,11000,370,3,2600,710,7
"66",2015,"April-June","Massachusetts",4100,14000,320,2,940,510,4
"67",2015,"April-June","Michigan",58000,88000,9500,11,13500,5500,6
"68",2015,"April-June","Minnesota",71000,125000,12500,10,20000,21000,17
"69",2015,"April-June","Mississippi",89000,89000,11000,12,5500,10000,11
"70",2015,"April-June","Missouri",11500,12500,500,4,1900,1800,14
"71",2015,"April-June","Montana",36000,210000,4200,2,14000,33000,16
"72",2015,"April-June","Nebraska",29000,68000,4100,6,15500,4600,7
"73",2015,"April-June","New Jersey",8500,19000,1800,10,2100,2900,15
"74",2015,"April-June","New Mexico",6500,8500,1000,12,1500,330,4
"75",2015,"April-June","New York",24000,34000,1100,3,11000,1500,4
"76",2015,"April-June","North Carolina",19500,23000,1800,8,5500,3300,14
"77",2015,"April-June","North Dakota",121000,450000,29000,6,39000,61000,14
"78",2015,"April-June","Ohio",17500,19000,2100,11,10000,6000,32
"79",2015,"April-June","Oklahoma",25000,27000,2200,8,5500,2200,8
"80",2015,"April-June","Oregon",82000,95000,5500,6,14500,9500,10
"81",2015,"April-June","Pennsylvania",15500,19000,1600,8,8500,2600,14
"82",2015,"April-June","South Carolina",17500,18500,950,5,1100,2000,11
"83",2015,"April-June","South Dakota",100000,290000,21000,7,27000,23000,8
"84",2015,"April-June","Tennessee",7500,7500,730,10,3600,920,12
"85",2015,"April-June","Texas",305000,315000,33000,11,76000,94000,30
"86",2015,"April-June","Utah",24000,27000,3400,13,10000,3900,14
"87",2015,"April-June","Vermont",6000,6000,100,2,580,50,1
"88",2015,"April-June","Virginia",7500,7500,270,4,2100,430,6
"89",2015,"April-June","Washington",105000,127000,5000,4,15000,13000,10
"90",2015,"April-June","West Virginia",4700,4700,570,12,2900,590,13
"91",2015,"April-June","Wisconsin",25000,65000,4600,7,10000,5500,9
"92",2015,"April-June","Wyoming",12000,25000,3200,13,7500,5000,20
"93",2015,"April-June","Other States",8600,11200,1940,17,4140,1960,18
"94",2015,"April-June","United States",2849500,NA,352860,12,661860,692850,24
"95",2015,"July-September","Alabama",8500,9000,1400,16,160,260,3
"96",2015,"July-September","Arizona",40000,40000,6000,15,4300,15500,39
"97",2015,"July-September","Arkansas",23000,30000,9000,30,500,210,1
"98",2015,"July-September","California",730000,800000,76000,10,40000,93000,12
"99",2015,"July-September","Colorado",29000,30000,4500,15,1400,1400,5
"100",2015,"July-September","Connecticut",3700,3700,50,1,190,440,12
"101",2015,"July-September","Florida",164000,220000,36000,16,37000,29000,13
"102",2015,"July-September","Georgia",108000,110000,13000,12,19500,15500,14
"103",2015,"July-September","Hawaii",14500,14500,2700,19,1200,5500,38
"104",2015,"July-September","Idaho",80000,128000,14000,11,5500,11500,9
"105",2015,"July-September","Illinois",14000,14000,1400,10,1300,1100,8
"106",2015,"July-September","Indiana",15000,15000,1600,11,1400,420,3
"107",2015,"July-September","Iowa",29000,37000,3000,8,640,680,2
"108",2015,"July-September","Kansas",9000,9500,1000,11,100,160,2
"109",2015,"July-September","Kentucky",10000,10000,1300,13,170,550,6
"110",2015,"July-September","Louisiana",50000,55000,2000,4,2300,1800,3
"111",2015,"July-September","Maine",6000,6000,450,8,410,140,2
"112",2015,"July-September","Maryland",7000,7500,680,9,730,70,1
"113",2015,"July-September","Massachusetts",7500,7500,560,8,290,400,5
"114",2015,"July-September","Michigan",89000,89000,7000,8,3300,3800,4
"115",2015,"July-September","Minnesota",133000,136000,32000,24,640,2300,2
"116",2015,"July-September","Mississippi",23000,34000,3500,10,260,110,NA
"117",2015,"July-September","Missouri",14000,14000,1200,9,700,630,5
"118",2015,"July-September","Montana",140000,156000,10500,7,3200,10000,6
"119",2015,"July-September","Nebraska",67000,77000,6000,8,500,6000,8
"120",2015,"July-September","New Jersey",18500,18500,210,1,190,500,3
"121",2015,"July-September","New Mexico",6500,6500,1600,25,1300,650,10
"122",2015,"July-September","New York",44000,47000,6500,14,4400,7000,15
"123",2015,"July-September","North Carolina",24000,24000,2900,12,2500,1100,5
"124",2015,"July-September","North Dakota",460000,500000,93000,19,11000,22000,4
"125",2015,"July-September","Ohio",23000,23000,1900,8,2300,880,4
"126",2015,"July-September","Oklahoma",19500,22000,230,1,160,190,1
"127",2015,"July-September","Oregon",68000,100000,8500,9,8000,21000,21
"128",2015,"July-September","Pennsylvania",25000,25000,1800,7,1800,2400,10
"129",2015,"July-September","South Carolina",12000,12000,2000,17,880,580,5
"130",2015,"July-September","South Dakota",295000,295000,53000,18,2100,13000,4
"131",2015,"July-September","Tennessee",10000,10000,1200,12,500,350,4
"132",2015,"July-September","Texas",76000,136000,16500,12,5500,4800,4
"133",2015,"July-September","Utah",31000,36000,8000,22,1400,2200,6
"134",2015,"July-September","Vermont",6000,6500,40,1,30,20,NA
"135",2015,"July-September","Virginia",8000,8000,680,9,520,220,3
"136",2015,"July-September","Washington",84000,97000,11500,12,1800,20000,21
"137",2015,"July-September","West Virginia",7000,7000,300,4,300,270,4
"138",2015,"July-September","Wisconsin",60000,62000,9000,15,1300,4300,7
"139",2015,"July-September","Wyoming",29000,35000,2500,7,270,440,1
"140",2015,"July-September","Other States",12180,12280,900,7,1050,700,6
"141",2015,"July-September","United States",3132880,NA,457100,15,172990,303070,10
"142",2015,"October-December","Alabama",8000,8000,610,8,80,60,1
"143",2015,"October-December","Arizona",36000,39000,12000,31,3000,16000,41
"144",2015,"October-December","Arkansas",23000,27000,2400,9,1900,NA,NA
"145",2015,"October-December","California",750000,1260000,149000,12,39000,75000,6
"146",2015,"October-December","Colorado",24000,24000,2500,10,3400,NA,NA
"147",2015,"October-December","Connecticut",3200,3200,210,7,40,70,2
"148",2015,"October-December","Florida",220000,260000,37000,14,30000,28000,11
"149",2015,"October-December","Georgia",110000,121000,18000,15,4400,1900,2
"150",2015,"October-December","Hawaii",13000,13000,690,5,2700,760,6
"151",2015,"October-December","Idaho",121000,145000,22000,15,5500,5500,4
"152",2015,"October-December","Illinois",14000,14000,690,5,NA,30,NA
"153",2015,"October-December","Indiana",11500,11500,1100,10,140,NA,NA
"154",2015,"October-December","Iowa",35000,35000,4300,12,40,30,NA
"155",2015,"October-December","Kansas",8500,8500,3400,40,50,20,NA
"156",2015,"October-December","Kentucky",8500,8500,1100,13,20,10,NA
"157",2015,"October-December","Louisiana",55000,71000,4900,7,1100,2400,3
"158",2015,"October-December","Maine",4700,4700,60,1,530,20,NA
"159",2015,"October-December","Maryland",7500,9500,730,8,NA,NA,NA
"160",2015,"October-December","Massachusetts",4500,4500,260,6,30,30,1
"161",2015,"October-December","Michigan",67000,73000,9000,12,210,1600,2
"162",2015,"October-December","Minnesota",104000,105000,10000,10,600,40,NA
"163",2015,"October-December","Mississippi",31000,34000,1500,4,500,230,1
"164",2015,"October-December","Missouri",13500,13500,690,5,30,40,NA
"165",2015,"October-December","Montana",116000,123000,10000,8,1000,80,NA
"166",2015,"October-December","Nebraska",72000,73000,7000,10,10,5500,8
"167",2015,"October-December","New Jersey",8000,8500,270,3,20,10,NA
"168",2015,"October-December","New Mexico",6000,6000,290,5,290,30,1
"169",2015,"October-December","New York",45000,45000,4000,9,260,10,NA
"170",2015,"October-December","North Carolina",22000,22000,2200,10,510,70,NA
"171",2015,"October-December","North Dakota",230000,275000,35000,13,2700,9000,3
"172",2015,"October-December","Ohio",19000,19000,2400,13,200,140,1
"173",2015,"October-December","Oklahoma",5000,10000,650,7,290,60,1
"174",2015,"October-December","Oregon",100000,114000,8500,8,200,1400,1
"175",2015,"October-December","Pennsylvania",22000,23000,2500,11,1300,6500,28
"176",2015,"October-December","South Carolina",10000,17500,2200,13,640,1000,6
"177",2015,"October-December","South Dakota",194000,205000,9000,4,2400,NA,NA
"178",2015,"October-December","Tennessee",8500,10000,1100,11,70,420,4
"179",2015,"October-December","Texas",125000,250000,25000,10,13000,2000,1
"180",2015,"October-December","Utah",28000,28000,1900,7,120,100,NA
"181",2015,"October-December","Vermont",6500,6500,940,15,10,10,NA
"182",2015,"October-December","Virginia",7500,7500,750,10,NA,350,5
"183",2015,"October-December","Washington",87000,89000,6500,7,330,170,NA
"184",2015,"October-December","West Virginia",7000,7000,610,9,190,140,2
"185",2015,"October-December","Wisconsin",48000,48000,6500,14,210,10,NA
"186",2015,"October-December","Wyoming",24000,25000,1300,5,30,NA,NA
"187",2015,"October-December","Other States",11360,12560,1630,13,100,50,NA
"188",2015,"October-December","United States",2874760,NA,412380,14,117150,158790,6
"189",2016,"January-March","Alabama",7500,7500,1700,23,1200,180,2
"190",2016,"January-March","Arizona",30000,30000,4700,16,2200,960,3
"191",2016,"January-March","Arkansas",27000,27000,5000,19,4700,2200,8
"192",2016,"January-March","California",1140000,1410000,210000,15,175000,63000,5
"193",2016,"January-March","Colorado",6000,7000,570,8,NA,20,NA
"194",2016,"January-March","Connecticut",2700,2700,270,10,70,10,NA
"195",2016,"January-March","Florida",245000,265000,45000,17,36000,18500,7
"196",2016,"January-March","Georgia",100000,100000,20000,20,28000,6000,6
"197",2016,"January-March","Hawaii",15000,15000,280,2,570,1100,7
"198",2016,"January-March","Idaho",90000,97000,6500,7,5500,6500,7
"199",2016,"January-March","Illinois",7000,7500,1300,17,470,20,NA
"200",2016,"January-March","Indiana",6500,6500,770,12,40,NA,NA
"201",2016,"January-March","Iowa",16500,16500,3200,19,90,NA,NA
"202",2016,"January-March","Kansas",4700,4700,980,21,NA,200,4
"203",2016,"January-March","Kentucky",7000,7000,1300,19,110,70,1
"204",2016,"January-March","Louisiana",68000,69000,9500,14,7500,5500,8
"205",2016,"January-March","Maine",2200,3700,170,5,NA,NA,NA
"206",2016,"January-March","Maryland",6500,6500,1400,22,40,20,NA
"207",2016,"January-March","Massachusetts",3000,3000,370,12,120,330,11
"208",2016,"January-March","Michigan",25000,37000,5000,14,2300,110,NA
"209",2016,"January-March","Minnesota",37000,39000,6000,15,4400,10,NA
"210",2016,"January-March","Mississippi",24000,77000,6500,8,11000,1700,2
"211",2016,"January-March","Missouri",11500,11500,1200,10,930,290,3
"212",2016,"January-March","Montana",15500,48000,840,2,11500,NA,NA
"213",2016,"January-March","Nebraska",10500,21000,330,2,40,30,NA
"214",2016,"January-March","New Jersey",8500,8500,1000,12,80,40,1
"215",2016,"January-March","New Mexico",6000,6500,1700,26,10,70,1
"216",2016,"January-March","New York",31000,31000,4000,13,140,1400,5
"217",2016,"January-March","North Carolina",18500,24000,2500,10,80,840,4
"218",2016,"January-March","North Dakota",82000,173000,17000,10,NA,NA,NA
"219",2016,"January-March","Ohio",16000,16000,4200,26,760,100,1
"220",2016,"January-March","Oklahoma",6000,6000,2900,48,60,510,9
"221",2016,"January-March","Oregon",70000,92000,2800,3,3800,1800,2
"222",2016,"January-March","Pennsylvania",12500,12500,2900,23,220,340,3
"223",2016,"January-March","South Carolina",16500,16500,3400,21,2100,1800,11
"224",2016,"January-March","South Dakota",30000,91000,770,1,30,NA,NA
"225",2016,"January-March","Tennessee",9000,9000,1700,19,100,150,2
"226",2016,"January-March","Texas",240000,290000,29000,10,73000,42000,15
"227",2016,"January-March","Utah",12000,12500,1700,14,710,100,1
"228",2016,"January-March","Vermont",5500,5500,410,8,NA,NA,NA
"229",2016,"January-March","Virginia",6500,6500,1100,17,500,130,2
"230",2016,"January-March","Washington",78000,135000,13000,10,4200,2000,2
"231",2016,"January-March","West Virginia",6500,7500,1700,23,NA,10,NA
"232",2016,"January-March","Wisconsin",22000,23000,2900,13,530,NA,NA
"233",2016,"January-March","Wyoming",2700,5000,340,7,NA,NA,NA
"234",2016,"January-March","Other States",7290,7890,900,11,60,10,NA
"235",2016,"January-March","United States",2594590,NA,428800,17,378160,158050,6
"236",2016,"April-June","Alabama",8000,8000,930,12,1200,690,9
"237",2016,"April-June","Arizona",22000,23000,3700,16,14000,1600,7
"238",2016,"April-June","Arkansas",24000,24000,3400,14,12000,1600,7
"239",2016,"April-June","California",1110000,1150000,108000,9,240000,185000,16
"240",2016,"April-June","Colorado",9500,29000,1800,6,9000,680,2
"241",2016,"April-June","Connecticut",2500,2500,100,4,390,60,2
"242",2016,"April-June","Florida",240000,240000,29000,12,43000,21000,9
"243",2016,"April-June","Georgia",108000,111000,11000,10,17500,3600,3
"244",2016,"April-June","Hawaii",13500,13500,830,6,870,NA,NA
"245",2016,"April-June","Idaho",60000,80000,6000,8,19000,5500,7
"246",2016,"April-June","Illinois",9000,9000,740,8,2200,380,4
"247",2016,"April-June","Indiana",4300,7000,220,3,2700,900,13
"248",2016,"April-June","Iowa",10500,26000,2400,9,26000,760,3
"249",2016,"April-June","Kansas",4700,6000,960,16,3000,900,15
"250",2016,"April-June","Kentucky",5500,6000,450,8,2100,270,5
"251",2016,"April-June","Louisiana",52000,53000,4300,8,10000,9500,18
"252",2016,"April-June","Maine",3600,25000,4200,17,510,560,2
"253",2016,"April-June","Maryland",8000,9000,320,4,2800,400,4
"254",2016,"April-June","Massachusetts",4200,8500,300,4,1100,440,5
"255",2016,"April-June","Michigan",40000,103000,7500,7,13500,3200,3
"256",2016,"April-June","Minnesota",27000,126000,13000,10,24000,4200,3
"257",2016,"April-June","Mississippi",85000,90000,3700,4,9000,61000,68
"258",2016,"April-June","Missouri",12000,12500,770,6,1800,730,6
"259",2016,"April-June","Montana",62000,157000,7000,4,25000,13500,9
"260",2016,"April-June","Nebraska",19500,43000,6000,14,8000,28000,65
"261",2016,"April-June","New Jersey",4200,18000,1500,8,1900,110,1
"262",2016,"April-June","New Mexico",6500,6500,1400,22,2700,100,2
"263",2016,"April-June","New York",31000,46000,4000,9,13500,1500,3
"264",2016,"April-June","North Carolina",23000,24000,1600,7,10000,550,2
"265",2016,"April-June","North Dakota",110000,530000,27000,5,23000,95000,18
"266",2016,"April-June","Ohio",14000,16500,1700,10,6000,1100,7
"267",2016,"April-June","Oklahoma",12000,13000,310,2,4000,10000,77
"268",2016,"April-June","Oregon",77000,132000,4300,3,19000,16000,12
"269",2016,"April-June","Pennsylvania",11000,14000,1300,9,6500,1100,8
"270",2016,"April-June","South Carolina",12500,13500,1300,10,2200,410,3
"271",2016,"April-June","South Dakota",51000,182000,11000,6,15000,13000,7
"272",2016,"April-June","Tennessee",8000,8000,580,7,3900,200,3
"273",2016,"April-June","Texas",340000,350000,36000,10,74000,54000,15
"274",2016,"April-June","Utah",14500,25000,4800,19,12000,7000,28
"275",2016,"April-June","Vermont",5000,6500,20,NA,480,30,NA
"276",2016,"April-June","Virginia",6000,6500,230,4,2200,480,7
"277",2016,"April-June","Washington",91000,143000,6000,4,21000,11500,8
"278",2016,"April-June","West Virginia",7000,7000,990,14,2600,160,2
"279",2016,"April-June","Wisconsin",18500,78000,5500,7,17500,3600,5
"280",2016,"April-June","Wyoming",6500,27000,2600,10,7500,580,2
"281",2016,"April-June","Other States",7970,15530,1070,7,3270,270,2
"282",2016,"April-June","United States",2801470,NA,329820,12,736920,561160,20
"283",2016,"July-September","Alabama",8000,8000,1200,15,440,50,1
"284",2016,"July-September","Arizona",30000,32000,6000,19,3200,2600,8
"285",2016,"July-September","Arkansas",32000,32000,1500,5,270,60,NA
"286",2016,"July-September","California",740000,820000,82000,10,33000,78000,10
"287",2016,"July-September","Colorado",33000,37000,6500,18,1100,740,2
"288",2016,"July-September","Connecticut",3100,3100,270,9,890,180,6
"289",2016,"July-September","Florida",200000,220000,25000,11,62000,14500,7
"290",2016,"July-September","Georgia",102000,103000,13000,13,12500,2300,2
"291",2016,"July-September","Hawaii",13500,13500,600,4,430,820,6
"292",2016,"July-September","Idaho",79000,131000,13000,10,1900,2800,2
"293",2016,"July-September","Illinois",11000,11000,1300,12,850,310,3
"294",2016,"July-September","Indiana",9500,9500,600,6,450,550,6
"295",2016,"July-September","Iowa",50000,50000,5500,11,10500,2400,5
"296",2016,"July-September","Kansas",8000,8000,2600,33,310,190,2
"297",2016,"July-September","Kentucky",7500,7500,1000,13,900,230,3
"298",2016,"July-September","Louisiana",51000,60000,7000,12,2600,2100,4
"299",2016,"July-September","Maine",5500,5500,420,8,240,140,3
"300",2016,"July-September","Maryland",7000,7000,200,3,400,20,NA
"301",2016,"July-September","Massachusetts",9500,9500,530,6,450,40,NA
"302",2016,"July-September","Michigan",108000,108000,15000,14,11000,9500,9
"303",2016,"July-September","Minnesota",132000,138000,26000,19,1300,1900,1
"304",2016,"July-September","Mississippi",19000,20000,3300,17,750,740,4
"305",2016,"July-September","Missouri",13500,13500,650,5,480,170,1
"306",2016,"July-September","Montana",147000,158000,11500,7,4100,6500,4
"307",2016,"July-September","Nebraska",45000,47000,8500,18,390,27000,57
"308",2016,"July-September","New Jersey",18000,18000,270,2,120,80,NA
"309",2016,"July-September","New Mexico",6500,6500,1100,17,2000,1000,15
"310",2016,"July-September","New York",56000,56000,10000,18,1900,800,1
"311",2016,"July-September","North Carolina",25000,25000,1400,6,1400,1200,5
"312",2016,"July-September","North Dakota",510000,550000,71000,13,25000,104000,19
"313",2016,"July-September","Ohio",21000,21000,1600,8,980,630,3
"314",2016,"July-September","Oklahoma",3700,3700,560,15,30,30,1
"315",2016,"July-September","Oregon",107000,112000,7500,7,2900,4300,4
"316",2016,"July-September","Pennsylvania",19000,22000,1300,6,680,780,4
"317",2016,"July-September","South Carolina",13000,13500,920,7,990,50,NA
"318",2016,"July-September","South Dakota",178000,191000,25000,13,4200,9500,5
"319",2016,"July-September","Tennessee",10000,10000,950,10,340,290,3
"320",2016,"July-September","Texas",129000,143000,12000,8,12500,810,1
"321",2016,"July-September","Utah",27000,33000,3200,10,1200,120,NA
"322",2016,"July-September","Vermont",6500,6500,400,6,170,50,1
"323",2016,"July-September","Virginia",8000,8000,810,10,460,360,5
"324",2016,"July-September","Washington",57000,74000,5000,7,7500,2000,3
"325",2016,"July-September","West Virginia",7500,7500,190,3,130,220,3
"326",2016,"July-September","Wisconsin",71000,75000,12000,16,880,640,1
"327",2016,"July-September","Wyoming",32000,40000,7000,18,1800,1000,3
"328",2016,"July-September","Other States",11880,11890,1920,16,1690,430,4
"329",2016,"July-September","United States",3181180,NA,397290,12,217320,282130,9
"330",2016,"October-December","Alabama",7000,7000,610,9,50,10,NA
"331",2016,"October-December","Arizona",29000,31000,6500,21,4600,3100,10
"332",2016,"October-December","Arkansas",28000,28000,2500,9,20,10,NA
"333",2016,"October-December","California",770000,1330000,205000,15,40000,35000,3
"334",2016,"October-December","Colorado",30000,30000,4500,15,2500,NA,NA
"335",2016,"October-December","Connecticut",3100,3100,240,8,NA,NA,NA
"336",2016,"October-December","Florida",255000,300000,41000,14,31000,11500,4
"337",2016,"October-December","Georgia",96000,112000,11000,10,12000,450,NA
"338",2016,"October-December","Hawaii",13500,13500,970,7,60,840,6
"339",2016,"October-December","Idaho",121000,143000,15500,11,5000,420,NA
"340",2016,"October-December","Illinois",9000,9000,720,8,NA,NA,NA
"341",2016,"October-December","Indiana",7500,7500,1200,16,20,NA,NA
"342",2016,"October-December","Iowa",54000,54000,4700,9,NA,20,NA
"343",2016,"October-December","Kansas",5000,5000,1300,26,200,NA,NA
"344",2016,"October-December","Kentucky",7500,7500,950,13,60,80,1
"345",2016,"October-December","Louisiana",48000,57000,2000,4,250,340,1
"346",2016,"October-December","Maine",3500,3500,280,8,NA,NA,NA
"347",2016,"October-December","Maryland",7500,9500,500,5,20,30,NA
"348",2016,"October-December","Massachusetts",8000,8000,740,9,NA,NA,NA
"349",2016,"October-December","Michigan",101000,101000,12500,12,10,130,NA
"350",2016,"October-December","Minnesota",113000,114000,13500,12,NA,NA,NA
"351",2016,"October-December","Mississippi",17500,30000,2400,8,330,60,NA
"352",2016,"October-December","Missouri",9000,9000,590,7,1400,640,7
"353",2016,"October-December","Montana",124000,124000,16000,13,2700,NA,NA
"354",2016,"October-December","Nebraska",37000,37000,4300,12,190,NA,NA
"355",2016,"October-December","New Jersey",12000,12000,340,3,400,NA,NA
"356",2016,"October-December","New Mexico",7000,7000,1600,23,1100,20,NA
"357",2016,"October-December","New York",48000,49000,9000,18,240,130,NA
"358",2016,"October-December","North Carolina",25000,25000,5500,22,220,50,NA
"359",2016,"October-December","North Dakota",385000,390000,44000,11,13500,2500,1
"360",2016,"October-December","Ohio",19500,19500,2100,11,20,140,1
"361",2016,"October-December","Oklahoma",3100,44000,2700,6,120,30,NA
"362",2016,"October-December","Oregon",98000,124000,9500,8,1500,1000,1
"363",2016,"October-December","Pennsylvania",21000,21000,3100,15,120,180,1
"364",2016,"October-December","South Carolina",12000,17000,1300,8,760,370,2
"365",2016,"October-December","South Dakota",146000,146000,11000,8,NA,2400,2
"366",2016,"October-December","Tennessee",9000,9000,840,9,120,10,NA
"367",2016,"October-December","Texas",136000,310000,39000,13,2200,650,NA
"368",2016,"October-December","Utah",30000,30000,1600,5,440,50,NA
"369",2016,"October-December","Vermont",6500,6500,260,4,20,10,NA
"370",2016,"October-December","Virginia",7000,7000,730,10,230,10,NA
"371",2016,"October-December","Washington",65000,97000,9000,9,3100,130,NA
"372",2016,"October-December","West Virginia",7500,7500,1000,13,80,60,1
"373",2016,"October-December","Wisconsin",59000,59000,7500,13,10,20,NA
"374",2016,"October-December","Wyoming",25000,27000,2200,8,50,NA,NA
"375",2016,"October-December","Other States",6360,6460,580,9,20,NA,NA
"376",2016,"October-December","United States",3032060,NA,502350,17,124660,60390,2
"377",2017,"January-March","Alabama",7000,7000,1600,23,570,730,10
"378",2017,"January-March","Arizona",31000,32000,6000,19,2900,NA,NA
"379",2017,"January-March","Arkansas",18000,20000,3500,18,430,190,1
"380",2017,"January-March","California",1150000,1440000,172000,12,215000,92000,6
"381",2017,"January-March","Colorado",9500,21000,1100,5,100,NA,NA
"382",2017,"January-March","Connecticut",3100,3100,380,12,100,110,4
"383",2017,"January-March","Florida",260000,265000,30000,11,80000,33000,12
"384",2017,"January-March","Georgia",123000,125000,14000,11,36000,21000,17
"385",2017,"January-March","Hawaii",13000,13000,190,1,510,50,NA
"386",2017,"January-March","Idaho",95000,99000,8500,9,2000,280,NA
"387",2017,"January-March","Illinois",11000,11000,2900,26,3100,150,1
"388",2017,"January-March","Indiana",7000,7500,1900,25,1700,70,1
"389",2017,"January-March","Iowa",10000,15500,3000,19,70,NA,NA
"390",2017,"January-March","Kansas",3800,3800,1000,26,930,380,10
"391",2017,"January-March","Kentucky",6500,7000,1300,19,950,430,6
"392",2017,"January-March","Louisiana",44000,47000,2700,6,11000,1900,4
"393",2017,"January-March","Maine",2700,3100,1000,32,100,NA,NA
"394",2017,"January-March","Maryland",9000,9000,2100,23,770,260,3
"395",2017,"January-March","Massachusetts",3300,3300,1500,45,120,110,3
"396",2017,"January-March","Michigan",29000,59000,5000,8,600,130,NA
"397",2017,"January-March","Minnesota",27000,41000,3500,9,3300,NA,NA
"398",2017,"January-March","Mississippi",31000,68000,2600,4,23000,7500,11
"399",2017,"January-March","Missouri",6500,7500,1200,16,400,10,NA
"400",2017,"January-March","Montana",18500,46000,470,1,3100,6000,13
"401",2017,"January-March","Nebraska",7500,13000,750,6,120,NA,NA
"402",2017,"January-March","New Jersey",6000,6500,490,8,10,NA,NA
"403",2017,"January-March","New Mexico",5500,5500,2100,38,3600,NA,NA
"404",2017,"January-March","New York",32000,33000,6000,18,520,NA,NA
"405",2017,"January-March","North Carolina",16000,23000,2500,11,3700,1200,5
"406",2017,"January-March","North Dakota",50000,123000,640,1,1100,10,NA
"407",2017,"January-March","Ohio",15500,17500,4400,25,1300,530,3
"408",2017,"January-March","Oklahoma",26000,26000,550,2,9500,1600,6
"409",2017,"January-March","Oregon",71000,90000,8000,9,7500,1400,2
"410",2017,"January-March","Pennsylvania",17000,18000,4200,23,810,410,2
"411",2017,"January-March","South Carolina",17000,17500,1600,9,4700,970,6
"412",2017,"January-March","South Dakota",21000,48000,2700,6,1500,440,1
"413",2017,"January-March","Tennessee",8500,8500,1600,19,1500,160,2
"414",2017,"January-March","Texas",270000,330000,35000,11,148000,68000,21
"415",2017,"January-March","Utah",16000,18500,2700,15,2900,60,NA
"416",2017,"January-March","Vermont",6500,6500,440,7,NA,NA,NA
"417",2017,"January-March","Virginia",8000,8000,1400,18,1900,280,4
"418",2017,"January-March","Washington",68000,104000,9000,9,8500,NA,NA
"419",2017,"January-March","West Virginia",5500,8000,800,10,450,100,1
"420",2017,"January-March","Wisconsin",17000,22000,4400,20,450,70,NA
"421",2017,"January-March","Wyoming",6500,17000,3600,21,1300,NA,NA
"422",2017,"January-March","Other States",6190,6490,1540,24,130,50,1
"423",2017,"January-March","United States",2615590,NA,361850,14,586240,239580,9
"424",2017,"April-June","Alabama",6500,6500,440,7,1200,500,8
"425",2017,"April-June","Arizona",22000,22000,2600,12,12500,3000,14
"426",2017,"April-June","Arkansas",17000,17000,1900,11,5000,1300,8
"427",2017,"April-June","California",1140000,1180000,82000,7,210000,235000,20
"428",2017,"April-June","Colorado",16500,29000,3500,12,5500,7500,26
"429",2017,"April-June","Connecticut",3000,3000,140,5,2200,350,12
"430",2017,"April-June","Florida",245000,250000,25000,10,40000,50000,20
"431",2017,"April-June","Georgia",125000,142000,10500,7,21000,33000,23
"432",2017,"April-June","Hawaii",12000,12000,60,1,520,910,8
"433",2017,"April-June","Idaho",61000,78000,9500,12,24000,31000,40
"434",2017,"April-June","Illinois",12000,12500,1200,10,3600,1600,13
"435",2017,"April-June","Indiana",7500,11000,1200,11,3000,510,5
"436",2017,"April-June","Iowa",12500,23000,2000,9,24000,3900,17
"437",2017,"April-June","Kansas",4400,4900,380,8,2500,890,18
"438",2017,"April-June","Kentucky",6500,7000,560,8,2900,600,9
"439",2017,"April-June","Louisiana",56000,56000,2600,5,4600,9000,16
"440",2017,"April-June","Maine",2200,40000,910,2,790,1400,4
"441",2017,"April-June","Maryland",8000,9500,190,2,3200,930,10
"442",2017,"April-June","Massachusetts",1900,8000,130,2,1900,490,6
"443",2017,"April-June","Michigan",55000,79000,4600,6,22000,11500,15
"444",2017,"April-June","Minnesota",34000,128000,5000,4,18500,9000,7
"445",2017,"April-June","Mississippi",89000,89000,3800,4,5500,42000,47
"446",2017,"April-June","Missouri",7000,7500,260,3,1700,1000,13
"447",2017,"April-June","Montana",46000,134000,3800,3,15000,20000,15
"448",2017,"April-June","Nebraska",8500,63000,640,1,6000,39000,62
"449",2017,"April-June","New Jersey",6000,21000,430,2,1600,660,3
"450",2017,"April-June","New Mexico",7000,7500,1700,23,2300,3900,52
"451",2017,"April-June","New York",25000,41000,1300,3,16000,7500,18
"452",2017,"April-June","North Carolina",24000,25000,1600,6,3900,2700,11
"453",2017,"April-June","North Dakota",112000,385000,10500,3,19500,37000,10
"454",2017,"April-June","Ohio",13500,14500,1100,8,8000,2500,17
"455",2017,"April-June","Oklahoma",25000,25000,200,1,6500,1600,6
"456",2017,"April-June","Oregon",84000,108000,5000,5,18000,24000,22
"457",2017,"April-June","Pennsylvania",15000,16500,510,3,7000,2200,13
"458",2017,"April-June","South Carolina",20000,20000,870,4,1900,3700,19
"459",2017,"April-June","South Dakota",34000,152000,6000,4,10000,20000,13
"460",2017,"April-June","Tennessee",8500,9000,1100,12,2600,1300,14
"461",2017,"April-June","Texas",345000,345000,18000,5,43000,148000,43
"462",2017,"April-June","Utah",19000,35000,2300,7,14500,10500,30
"463",2017,"April-June","Vermont",6000,8000,170,2,390,190,2
"464",2017,"April-June","Virginia",8500,9000,1000,11,3100,1100,12
"465",2017,"April-June","Washington",89000,132000,6500,5,36000,21000,16
"466",2017,"April-June","West Virginia",7500,7500,340,5,3400,2500,33
"467",2017,"April-June","Wisconsin",18000,65000,2900,4,13000,6500,10
"468",2017,"April-June","Wyoming",15000,30000,1100,4,4800,4100,14
"469",2017,"April-June","Other States",5530,7040,150,2,870,840,12
"470",2017,"April-June","United States",2886030,NA,225680,8,653470,806170,28
"471",2017,"July-September","Alabama",7000,9500,900,9,690,530,6
"472",2017,"July-September","Arizona",26000,26000,4100,16,5000,3200,12
"473",2017,"July-September","Arkansas",29000,29000,6000,21,4400,410,1
"474",2017,"July-September","California",590000,670000,67000,10,73000,74000,11
"475",2017,"July-September","Colorado",35000,42000,4300,10,2900,6410,15
"476",2017,"July-September","Connecticut",3500,3500,130,4,50,20,1
"477",2017,"July-September","Florida",176000,180000,39000,22,39000,42000,23
"478",2017,"July-September","Georgia",121000,122000,15500,13,19000,23000,19
"479",2017,"July-September","Hawaii",15000,15000,1100,7,430,20,NA
"480",2017,"July-September","Idaho",89000,116000,12000,10,9000,16500,14
"481",2017,"July-September","Illinois",13000,13000,1100,8,710,1200,9
"482",2017,"July-September","Indiana",13000,13000,930,7,420,740,6
"483",2017,"July-September","Iowa",40000,43000,2200,5,2100,4000,9
"484",2017,"July-September","Kansas",7000,7000,1700,24,1400,1000,14
"485",2017,"July-September","Kentucky",9000,9000,1600,18,450,700,8
"486",2017,"July-September","Louisiana",64000,64000,13500,21,14500,34000,53
"487",2017,"July-September","Maine",5500,6000,400,7,210,290,5
"488",2017,"July-September","Maryland",8500,8500,1600,19,1300,600,7
"489",2017,"July-September","Massachusetts",9000,9000,760,8,790,460,5
"490",2017,"July-September","Michigan",103000,109000,17500,16,4300,11500,11
"491",2017,"July-September","Minnesota",136000,136000,20000,15,1900,2200,2
"492",2017,"July-September","Mississippi",24000,24000,2900,12,250,230,1
"493",2017,"July-September","Missouri",9000,9000,580,6,320,310,3
"494",2017,"July-September","Montana",154000,161000,18500,11,3100,23000,14
"495",2017,"July-September","Nebraska",46000,47000,3700,8,880,13500,29
"496",2017,"July-September","New Jersey",16000,16000,420,3,280,110,1
"497",2017,"July-September","New Mexico",8500,8500,2500,29,1800,200,2
"498",2017,"July-September","New York",59000,59000,6500,11,3100,9000,15
"499",2017,"July-September","North Carolina",26000,27000,3300,12,4100,2900,11
"500",2017,"July-September","North Dakota",470000,490000,48000,10,24000,100000,20
"501",2017,"July-September","Ohio",23000,23000,1800,8,1100,1800,8
"502",2017,"July-September","Oklahoma",4400,4400,510,12,80,270,6
"503",2017,"July-September","Oregon",94000,101000,13500,13,7500,28000,28
"504",2017,"July-September","Pennsylvania",18500,18500,1500,8,6000,1600,9
"505",2017,"July-September","South Carolina",14500,14500,1700,12,640,440,3
"506",2017,"July-September","South Dakota",152000,159000,16500,10,6000,7500,5
"507",2017,"July-September","Tennessee",10000,10000,1700,17,800,960,10
"508",2017,"July-September","Texas",104000,115000,15000,13,21000,7500,7
"509",2017,"July-September","Utah",35000,35000,6500,19,5500,3200,9
"510",2017,"July-September","Vermont",7500,7500,180,2,520,270,4
"511",2017,"July-September","Virginia",11500,11500,1200,10,430,430,4
"512",2017,"July-September","Washington",82000,92000,17000,18,5500,10500,11
"513",2017,"July-September","West Virginia",9000,9000,930,10,440,1900,21
"514",2017,"July-September","Wisconsin",74000,75000,12500,17,6000,9000,12
"515",2017,"July-September","Wyoming",35000,36000,5500,15,3100,3500,10
"516",2017,"July-September","Other States",8100,10000,1070,11,380,650,7
"517",2017,"July-September","United States",2994500,NA,394810,13,284370,449550,15
"518",2017,"October-December","Alabama",7500,7500,990,13,550,500,7
"519",2017,"October-December","Arizona",27000,30000,6500,22,1300,1100,4
"520",2017,"October-December","Arkansas",25000,25000,7500,30,2500,440,2
"521",2017,"October-December","California",680000,1200000,155000,13,90000,104000,9
"522",2017,"October-December","Colorado",34000,34000,7000,21,1500,4000,12
"523",2017,"October-December","Connecticut",4000,4000,330,8,190,110,3
"524",2017,"October-December","Florida",180000,240000,50000,21,55000,36000,15
"525",2017,"October-December","Georgia",125000,145000,21000,14,4300,2200,2
"526",2017,"October-December","Hawaii",15000,15000,130,1,970,290,2
"527",2017,"October-December","Idaho",113000,164000,9000,5,10000,5000,3
"528",2017,"October-December","Illinois",13500,13500,1800,13,140,460,3
"529",2017,"October-December","Indiana",11500,11500,1700,15,320,100,1
"530",2017,"October-December","Iowa",45000,45000,6500,14,250,3400,8
"531",2017,"October-December","Kansas",6500,6500,830,13,140,40,1
"532",2017,"October-December","Kentucky",7500,7500,870,12,50,120,2
"533",2017,"October-December","Louisiana",58000,60000,2700,5,390,1900,3
"534",2017,"October-December","Maine",5500,6000,60,1,220,110,2
"535",2017,"October-December","Maryland",8000,10500,1300,12,20,410,4
"536",2017,"October-December","Massachusetts",6000,6000,1100,18,120,550,9
"537",2017,"October-December","Michigan",88000,88000,11500,13,990,1900,2
"538",2017,"October-December","Minnesota",98000,98000,7000,7,1900,450,NA
"539",2017,"October-December","Mississippi",14000,22000,3400,15,280,830,4
"540",2017,"October-December","Missouri",9500,9500,820,9,100,230,2
"541",2017,"October-December","Montana",115000,121000,13000,11,5500,2900,2
"542",2017,"October-December","Nebraska",42000,42000,7500,18,80,50,NA
"543",2017,"October-December","New Jersey",15500,15500,1200,8,330,270,2
"544",2017,"October-December","New Mexico",8000,8000,1900,24,1700,NA,NA
"545",2017,"October-December","New York",51000,51000,3900,8,820,460,1
"546",2017,"October-December","North Carolina",23000,23000,5000,22,60,290,1
"547",2017,"October-December","North Dakota",410000,410000,26000,6,10000,2900,1
"548",2017,"October-December","Ohio",18500,18500,2800,15,510,960,5
"549",2017,"October-December","Oklahoma",3700,46000,100,NA,40,NA,NA
"550",2017,"October-December","Oregon",94000,94000,10000,11,70,18500,20
"551",2017,"October-December","Pennsylvania",24000,24000,5500,23,2500,1100,5
"552",2017,"October-December","South Carolina",12500,15000,2000,13,1300,750,5
"553",2017,"October-December","South Dakota",111000,111000,6500,6,NA,NA,NA
"554",2017,"October-December","Tennessee",8500,10500,1300,12,230,320,3
"555",2017,"October-December","Texas",127000,285000,20000,7,3200,1900,1
"556",2017,"October-December","Utah",29000,29000,2000,7,480,70,NA
"557",2017,"October-December","Vermont",6500,6500,470,7,10,10,NA
"558",2017,"October-December","Virginia",9500,9500,1100,12,300,210,2
"559",2017,"October-December","Washington",66000,72000,4000,6,2900,14000,19
"560",2017,"October-December","West Virginia",8500,8500,1200,14,70,1600,19
"561",2017,"October-December","Wisconsin",51000,55000,8500,15,530,3000,5
"562",2017,"October-December","Wyoming",28000,29000,3500,12,2500,320,1
"563",2017,"October-December","Other States",6070,6970,360,5,150,240,3
"564",2017,"October-December","United States",2849770,NA,424860,15,204510,213990,8
"565",2018,"January-March","Alabama",7500,7500,820,11,1200,1500,20
"566",2018,"January-March","Arizona",25000,26000,6000,23,810,230,1
"567",2018,"January-March","Arkansas",22000,22000,7500,34,540,810,4
"568",2018,"January-March","California",1150000,1540000,220000,14,200000,132500,9
"569",2018,"January-March","Colorado",13000,21000,4900,23,1400,190,1
"570",2018,"January-March","Connecticut",2900,2900,140,5,220,330,11
"571",2018,"January-March","Florida",245000,255000,35000,14,57000,38000,15
"572",2018,"January-March","Georgia",134000,139000,25000,18,29000,39000,28
"573",2018,"January-March","Hawaii",15000,15000,1600,11,1200,5100,34
"574",2018,"January-March","Idaho",164000,168000,22000,13,2500,2600,2
"575",2018,"January-March","Illinois",10500,10500,2400,23,1000,630,6
"576",2018,"January-March","Indiana",7000,8000,1000,13,300,30,NA
"577",2018,"January-March","Iowa",41000,45000,1300,3,420,110,NA
"578",2018,"January-March","Kansas",3700,3700,950,26,500,410,11
"579",2018,"January-March","Kentucky",5500,5500,1600,29,520,20,NA
"580",2018,"January-March","Louisiana",50000,52000,3600,7,4100,320,1
"581",2018,"January-March","Maine",1900,1900,240,13,40,30,2
"582",2018,"January-March","Maryland",8000,8000,1500,19,NA,190,2
"583",2018,"January-March","Massachusetts",3800,3800,1000,26,240,290,8
"584",2018,"January-March","Michigan",16500,34000,8000,24,10500,3900,11
"585",2018,"January-March","Minnesota",39000,62000,3900,6,13500,2900,5
"586",2018,"January-March","Mississippi",19000,32000,2000,6,28000,5500,17
"587",2018,"January-March","Missouri",8000,8000,1400,18,1400,50,1
"588",2018,"January-March","Montana",35000,60000,140,NA,840,NA,NA
"589",2018,"January-March","Nebraska",6500,14000,430,3,NA,NA,NA
"590",2018,"January-March","New Jersey",6500,6500,730,11,180,190,3
"591",2018,"January-March","New Mexico",7500,7500,3900,52,180,NA,NA
"592",2018,"January-March","New York",26000,26000,3700,14,400,170,1
"593",2018,"January-March","North Carolina",18500,18500,4200,23,2400,260,1
"594",2018,"January-March","North Dakota",64000,99000,3200,3,2600,10,NA
"595",2018,"January-March","Ohio",12000,14000,4000,29,300,580,4
"596",2018,"January-March","Oklahoma",17000,18000,3700,21,890,240,1
"597",2018,"January-March","Oregon",81000,89000,4100,5,17000,3900,4
"598",2018,"January-March","Pennsylvania",14500,14500,1500,10,1600,670,5
"599",2018,"January-March","South Carolina",13500,14500,1800,12,1900,2800,19
"600",2018,"January-March","South Dakota",23000,29000,390,1,250,90,NA
"601",2018,"January-March","Tennessee",10000,10000,3000,30,600,470,5
"602",2018,"January-March","Texas",205000,290000,22000,8,118000,42000,14
"603",2018,"January-March","Utah",7500,17000,620,4,490,50,NA
"604",2018,"January-March","Vermont",5500,5500,570,10,20,NA,NA
"605",2018,"January-March","Virginia",7000,7000,2100,30,540,160,2
"606",2018,"January-March","Washington",44000,89000,4600,5,7000,860,1
"607",2018,"January-March","West Virginia",4700,8500,2000,24,330,60,1
"608",2018,"January-March","Wisconsin",21000,29000,4600,16,2800,1560,5
"609",2018,"January-March","Wyoming",5500,8000,220,3,70,NA,NA
"610",2018,"January-March","Other States",3720,6520,1870,29,160,40,1
"611",2018,"January-March","United States",2631220,NA,425220,16,512940,288750,11
"612",2018,"April-June","Alabama",7500,8500,810,10,1300,710,8
"613",2018,"April-June","Arizona",18500,19500,2600,13,12000,2100,11
"614",2018,"April-June","Arkansas",11500,11500,1500,13,14000,1900,17
"615",2018,"April-June","California",1140000,1190000,70000,6,176000,254000,21
"616",2018,"April-June","Colorado",16500,26000,2300,9,9500,4570,18
"617",2018,"April-June","Connecticut",3600,3600,120,3,340,170,5
"618",2018,"April-June","Florida",270000,280000,48000,17,54000,69000,25
"619",2018,"April-June","Georgia",134000,134000,16000,12,34000,16000,12
"620",2018,"April-June","Hawaii",14500,14500,280,2,300,3100,21
"621",2018,"April-June","Idaho",60000,95000,4800,5,17000,29000,31
"622",2018,"April-June","Illinois",10000,10500,2100,20,4700,2800,27
"623",2018,"April-June","Indiana",8000,9000,1800,20,4000,730,8
"624",2018,"April-June","Iowa",45000,47000,4300,9,15500,4800,10
"625",2018,"April-June","Kansas",3900,3900,170,4,1800,2100,54
"626",2018,"April-June","Kentucky",4800,6000,450,8,1400,560,9
"627",2018,"April-June","Louisiana",48000,48000,970,2,7000,4000,8
"628",2018,"April-June","Maine",2200,17000,1100,6,430,880,5
"629",2018,"April-June","Maryland",7000,8000,370,5,2400,1200,15
"630",2018,"April-June","Massachusetts",3600,7500,260,3,910,350,5
"631",2018,"April-June","Michigan",36000,69000,6000,9,18000,8000,12
"632",2018,"April-June","Minnesota",69000,108000,6500,6,46000,24000,22
"633",2018,"April-June","Mississippi",53000,54000,5000,9,3900,6500,12
"634",2018,"April-June","Missouri",7000,7000,390,6,1800,800,11
"635",2018,"April-June","Montana",50000,171000,4800,3,26000,20000,12
"636",2018,"April-June","Nebraska",10500,40000,2700,7,3100,700,2
"637",2018,"April-June","New Jersey",4400,15000,270,2,1200,170,1
"638",2018,"April-June","New Mexico",1900,4300,50,1,290,450,10
"639",2018,"April-June","New York",20000,36000,3300,9,8000,2300,6
"640",2018,"April-June","North Carolina",16000,17500,1200,7,3600,800,5
"641",2018,"April-June","North Dakota",72000,430000,11000,3,30000,46000,11
"642",2018,"April-June","Ohio",11000,13000,1100,8,9000,1800,14
"643",2018,"April-June","Oklahoma",15500,15500,1600,10,9000,6500,42
"644",2018,"April-June","Oregon",41000,106000,3400,3,23000,24000,23
"645",2018,"April-June","Pennsylvania",15500,19500,1100,6,6000,1600,8
"646",2018,"April-June","South Carolina",14000,14000,1300,9,2400,4000,29
"647",2018,"April-June","South Dakota",10500,161000,12000,7,21000,65000,40
"648",2018,"April-June","Tennessee",8000,8000,1200,15,3200,1300,16
"649",2018,"April-June","Texas",305000,310000,31000,10,100000,69000,22
"650",2018,"April-June","Utah",14500,26000,1700,7,10000,4100,16
"651",2018,"April-June","Vermont",5500,6500,520,8,2600,140,2
"652",2018,"April-June","Virginia",5000,5500,490,9,2400,700,13
"653",2018,"April-June","Washington",55000,122000,6500,5,19000,18900,15
"654",2018,"April-June","West Virginia",7000,7000,490,7,2100,550,8
"655",2018,"April-June","Wisconsin",24000,50000,6000,12,12500,6600,13
"656",2018,"April-June","Wyoming",8500,22000,2200,10,3100,2300,10
"657",2018,"April-June","Other States",4260,7660,260,3,1880,930,12
"658",2018,"April-June","United States",2692660,NA,270000,10,725650,715110,27
"659",2018,"July-September","Alabama",8500,8500,1700,20,1600,1300,15
"660",2018,"July-September","Arizona",31000,31000,8000,26,3200,3100,10
"661",2018,"July-September","Arkansas",29000,29000,2300,8,2600,840,3
"662",2018,"July-September","California",590000,700000,73000,10,63000,141000,20
"663",2018,"July-September","Colorado",34000,35000,5000,14,1500,5000,14
"664",2018,"July-September","Connecticut",3200,3200,130,4,80,310,10
"665",2018,"July-September","Florida",197000,220000,30000,14,53000,40000,18
"666",2018,"July-September","Georgia",134000,138000,17000,12,27000,33000,24
"667",2018,"July-September","Hawaii",16500,16500,1800,11,1700,3000,18
"668",2018,"July-September","Idaho",82000,101000,14000,14,15000,21000,21
"669",2018,"July-September","Illinois",11000,11000,660,6,700,420,4
"670",2018,"July-September","Indiana",11500,11500,990,9,520,1200,10
"671",2018,"July-September","Iowa",56000,57000,3600,6,1200,990,2
"672",2018,"July-September","Kansas",6000,6000,950,16,300,180,3
"673",2018,"July-September","Kentucky",6500,7000,840,12,300,660,9
"674",2018,"July-September","Louisiana",53000,53000,1900,4,1600,2300,4
"675",2018,"July-September","Maine",12500,12500,890,7,60,170,1
"676",2018,"July-September","Maryland",7500,7500,360,5,580,680,9
"677",2018,"July-September","Massachusetts",8000,10000,2200,22,850,730,7
"678",2018,"July-September","Michigan",88000,88000,8000,9,3000,22000,25
"679",2018,"July-September","Minnesota",121000,127000,29000,23,1600,6500,5
"680",2018,"July-September","Mississippi",16500,16500,2900,18,110,650,4
"681",2018,"July-September","Missouri",10000,10000,540,5,260,410,4
"682",2018,"July-September","Montana",145000,153000,18500,12,3100,22000,14
"683",2018,"July-September","Nebraska",52000,54000,6500,12,8500,5000,9
"684",2018,"July-September","New Jersey",14000,14000,320,2,250,220,2
"685",2018,"July-September","New Mexico",6000,7000,1200,17,3800,1000,14
"686",2018,"July-September","New York",55000,56000,3900,7,3600,3700,7
"687",2018,"July-September","North Carolina",18000,18000,2200,12,2600,2000,11
"688",2018,"July-September","North Dakota",455000,490000,59000,12,23000,14500,3
"689",2018,"July-September","Ohio",16000,16000,1300,8,1300,2100,13
"690",2018,"July-September","Oklahoma",2100,2100,370,18,20,10,NA
"691",2018,"July-September","Oregon",116000,117000,13000,11,3000,49000,42
"692",2018,"July-September","Pennsylvania",20000,21000,860,4,2900,2300,11
"693",2018,"July-September","South Carolina",9500,11500,1400,12,670,1100,10
"694",2018,"July-September","South Dakota",168000,197000,22000,11,8000,6500,3
"695",2018,"July-September","Tennessee",9000,9000,900,10,540,1000,11
"696",2018,"July-September","Texas",112000,124000,7500,6,7500,9500,8
"697",2018,"July-September","Utah",30000,30000,4400,15,970,1400,5
"698",2018,"July-September","Vermont",7000,7000,90,1,1200,80,1
"699",2018,"July-September","Virginia",7500,7500,610,8,1000,990,13
"700",2018,"July-September","Washington",76000,84000,12000,14,7000,3600,4
"701",2018,"July-September","West Virginia",7500,8000,520,7,170,1200,15
"702",2018,"July-September","Wisconsin",61000,69000,10000,14,2400,3800,6
"703",2018,"July-September","Wyoming",33000,34000,3900,11,1800,3900,11
"704",2018,"July-September","Other States",6490,9990,890,9,480,440,4
"705",2018,"July-September","United States",2958790,NA,377120,13,263560,420780,14
"706",2018,"October-December","Alabama",6500,6500,830,13,210,1300,20
"707",2018,"October-December","Arizona",26000,27000,5000,19,2200,330,1
"708",2018,"October-December","Arkansas",30000,31000,6000,19,110,230,1
"709",2018,"October-December","California",680000,1200000,170000,14,86000,46000,4
"710",2018,"October-December","Colorado",30000,30000,3500,12,370,10,NA
"711",2018,"October-December","Connecticut",3500,3500,220,6,NA,60,2
"712",2018,"October-December","Florida",240000,290000,43000,15,53000,20000,7
"713",2018,"October-December","Georgia",148000,164000,19500,12,6500,49000,30
"714",2018,"October-December","Hawaii",16000,16000,940,6,1700,6000,38
"715",2018,"October-December","Idaho",99000,159000,15000,9,9000,910,1
"716",2018,"October-December","Illinois",12000,12000,1400,12,600,350,3
"717",2018,"October-December","Indiana",9000,9000,3300,37,40,1200,13
"718",2018,"October-December","Iowa",21000,21000,4200,20,630,80,NA
"719",2018,"October-December","Kansas",5500,5500,1000,18,420,10,NA
"720",2018,"October-December","Kentucky",7000,7000,2000,29,60,430,6
"721",2018,"October-December","Louisiana",50000,52000,2600,5,130,200,NA
"722",2018,"October-December","Maine",12000,12000,1400,12,210,880,7
"723",2018,"October-December","Maryland",7000,9000,690,8,60,90,1
"724",2018,"October-December","Massachusetts",4900,4900,650,13,110,320,7
"725",2018,"October-December","Michigan",77000,77000,6000,8,3900,1800,2
"726",2018,"October-December","Minnesota",84000,86000,11500,13,2500,590,1
"727",2018,"October-December","Mississippi",14500,25000,2000,8,330,50,NA
"728",2018,"October-December","Missouri",10000,10000,880,9,170,150,2
"729",2018,"October-December","Montana",98000,102000,5500,5,3100,500,NA
"730",2018,"October-December","Nebraska",45000,45000,5000,11,7000,840,2
"731",2018,"October-December","New Jersey",15500,15500,1300,8,30,80,1
"732",2018,"October-December","New Mexico",8000,8000,3000,38,50,NA,NA
"733",2018,"October-December","New York",53000,53000,4400,8,1000,1500,3
"734",2018,"October-December","North Carolina",16000,16000,2700,17,250,300,2
"735",2018,"October-December","North Dakota",430000,435000,29000,7,7500,1500,NA
"736",2018,"October-December","Ohio",15500,15500,2100,14,170,450,3
"737",2018,"October-December","Oklahoma",2200,57000,2500,4,60,20,NA
"738",2018,"October-December","Oregon",89000,101000,13000,13,10500,12000,12
"739",2018,"October-December","Pennsylvania",21000,21000,4000,19,270,1500,7
"740",2018,"October-December","South Carolina",10000,12500,1500,12,770,790,6
"741",2018,"October-December","South Dakota",140000,140000,21000,15,2000,430,NA
"742",2018,"October-December","Tennessee",8000,8500,1900,22,30,370,4
"743",2018,"October-December","Texas",116000,260000,17000,7,11000,70,NA
"744",2018,"October-December","Utah",27000,27000,3400,13,180,400,1
"745",2018,"October-December","Vermont",6500,6500,170,3,10,20,NA
"746",2018,"October-December","Virginia",7000,7000,1100,16,80,1300,19
"747",2018,"October-December","Washington",75000,81000,11000,14,5500,1400,2
"748",2018,"October-December","West Virginia",7000,7000,1200,17,50,70,1
"749",2018,"October-December","Wisconsin",48000,48000,8500,18,1600,530,1
"750",2018,"October-December","Wyoming",30000,32000,2700,8,220,NA,NA
"751",2018,"October-December","Other States",8370,8670,1150,13,20,500,6
"752",2018,"October-December","United States",2868970,NA,444730,16,219640,154560,5
"753",2019,"January-March","Alabama",5500,5500,650,12,800,200,4
"754",2019,"January-March","Arizona",22000,22000,2500,11,430,90,NA
"755",2019,"January-March","Arkansas",28000,28000,6500,23,20,20,NA
"756",2019,"January-March","California",1140000,1580000,235000,15,83000,86000,5
"757",2019,"January-March","Colorado",5000,7500,320,4,NA,NA,NA
"758",2019,"January-March","Connecticut",3100,3100,270,9,170,10,NA
"759",2019,"January-March","Florida",300000,315000,46000,15,41000,16500,5
"760",2019,"January-March","Georgia",120000,129000,14500,11,19500,8000,6
"761",2019,"January-March","Hawaii",16500,16500,390,2,660,3700,22
"762",2019,"January-March","Idaho",132000,145000,12500,9,4600,1100,1
"763",2019,"January-March","Illinois",9000,9000,2300,26,210,80,1
"764",2019,"January-March","Indiana",6000,6000,710,12,440,280,5
"765",2019,"January-March","Iowa",7500,11500,1600,14,170,140,1
"766",2019,"January-March","Kansas",4500,4500,1500,33,370,110,2
"767",2019,"January-March","Kentucky",3700,4400,890,20,60,30,1
"768",2019,"January-March","Louisiana",49000,51000,3500,7,9000,16000,31
"769",2019,"January-March","Maine",7000,7000,470,7,10,30,NA
"770",2019,"January-March","Maryland",8000,8000,2300,29,30,10,NA
"771",2019,"January-March","Massachusetts",3800,3800,680,18,60,20,1
"772",2019,"January-March","Michigan",24000,33000,6500,20,NA,NA,NA
"773",2019,"January-March","Minnesota",17000,43000,2200,5,80,470,1
"774",2019,"January-March","Mississippi",26000,29000,2400,8,3800,1700,6
"775",2019,"January-March","Missouri",8500,8500,1100,13,80,60,1
"776",2019,"January-March","Montana",37000,68000,3500,5,1700,1900,3
"777",2019,"January-March","Nebraska",13500,16500,2500,15,NA,NA,NA
"778",2019,"January-March","New Jersey",6000,6000,310,5,130,60,1
"779",2019,"January-March","New Mexico",4800,4800,170,4,NA,NA,NA
"780",2019,"January-March","New York",24000,24000,3400,14,110,80,NA
"781",2019,"January-March","North Carolina",10500,14500,1700,12,750,890,6
"782",2019,"January-March","North Dakota",92000,102000,1100,1,NA,1300,1
"783",2019,"January-March","Ohio",10500,12500,3500,28,1700,440,4
"784",2019,"January-March","Oklahoma",21000,55000,50,NA,20,NA,NA
"785",2019,"January-March","Oregon",89000,95000,7500,8,8000,1800,2
"786",2019,"January-March","Pennsylvania",15000,15000,2900,19,370,320,2
"787",2019,"January-March","South Carolina",12000,13000,690,5,2000,340,3
"788",2019,"January-March","South Dakota",18500,18500,1100,6,NA,NA,NA
"789",2019,"January-March","Tennessee",6000,7000,1500,21,240,320,5
"790",2019,"January-March","Texas",260000,330000,17000,5,61000,35000,11
"791",2019,"January-March","Utah",8500,11000,1800,16,900,NA,NA
"792",2019,"January-March","Vermont",6500,6500,260,4,50,NA,NA
"793",2019,"January-March","Virginia",5500,5500,1100,20,80,110,2
"794",2019,"January-March","Washington",51000,75000,7000,9,5500,2200,3
"795",2019,"January-March","West Virginia",5000,7000,1300,19,20,60,1
"796",2019,"January-March","Wisconsin",16500,17000,3700,22,580,100,1
"797",2019,"January-March","Wyoming",6500,9500,250,3,NA,NA,NA
"798",2019,"January-March","Other States",6070,6070,590,10,70,30,NA
"799",2019,"January-March","United States",2671470,NA,407700,15,247710,179500,7
"800",2019,"April-June","Alabama",NA,NA,NA,NA,NA,NA,NA
"801",2019,"April-June","Arizona",NA,NA,NA,NA,NA,NA,NA
"802",2019,"April-June","Arkansas",NA,NA,NA,NA,NA,NA,NA
"803",2019,"April-June","California",NA,NA,NA,NA,NA,NA,NA
"804",2019,"April-June","Colorado",NA,NA,NA,NA,NA,NA,NA
"805",2019,"April-June","Connecticut",NA,NA,NA,NA,NA,NA,NA
"806",2019,"April-June","Florida",NA,NA,NA,NA,NA,NA,NA
"807",2019,"April-June","Georgia",NA,NA,NA,NA,NA,NA,NA
"808",2019,"April-June","Hawaii",NA,NA,NA,NA,NA,NA,NA
"809",2019,"April-June","Idaho",NA,NA,NA,NA,NA,NA,NA
"810",2019,"April-June","Illinois",NA,NA,NA,NA,NA,NA,NA
"811",2019,"April-June","Indiana",NA,NA,NA,NA,NA,NA,NA
"812",2019,"April-June","Iowa",NA,NA,NA,NA,NA,NA,NA
"813",2019,"April-June","Kansas",NA,NA,NA,NA,NA,NA,NA
"814",2019,"April-June","Kentucky",NA,NA,NA,NA,NA,NA,NA
"815",2019,"April-June","Louisiana",NA,NA,NA,NA,NA,NA,NA
"816",2019,"April-June","Maine",NA,NA,NA,NA,NA,NA,NA
"817",2019,"April-June","Maryland",NA,NA,NA,NA,NA,NA,NA
"818",2019,"April-June","Massachusetts",NA,NA,NA,NA,NA,NA,NA
"819",2019,"April-June","Michigan",NA,NA,NA,NA,NA,NA,NA
"820",2019,"April-June","Minnesota",NA,NA,NA,NA,NA,NA,NA
"821",2019,"April-June","Mississippi",NA,NA,NA,NA,NA,NA,NA
"822",2019,"April-June","Missouri",NA,NA,NA,NA,NA,NA,NA
"823",2019,"April-June","Montana",NA,NA,NA,NA,NA,NA,NA
"824",2019,"April-June","Nebraska",NA,NA,NA,NA,NA,NA,NA
"825",2019,"April-June","New Jersey",NA,NA,NA,NA,NA,NA,NA
"826",2019,"April-June","New Mexico",NA,NA,NA,NA,NA,NA,NA
"827",2019,"April-June","New York",NA,NA,NA,NA,NA,NA,NA
"828",2019,"April-June","North Carolina",NA,NA,NA,NA,NA,NA,NA
"829",2019,"April-June","North Dakota",NA,NA,NA,NA,NA,NA,NA
"830",2019,"April-June","Ohio",NA,NA,NA,NA,NA,NA,NA
"831",2019,"April-June","Oklahoma",NA,NA,NA,NA,NA,NA,NA
"832",2019,"April-June","Oregon",NA,NA,NA,NA,NA,NA,NA
"833",2019,"April-June","Pennsylvania",NA,NA,NA,NA,NA,NA,NA
"834",2019,"April-June","South Carolina",NA,NA,NA,NA,NA,NA,NA
"835",2019,"April-June","South Dakota",NA,NA,NA,NA,NA,NA,NA
"836",2019,"April-June","Tennessee",NA,NA,NA,NA,NA,NA,NA
"837",2019,"April-June","Texas",NA,NA,NA,NA,NA,NA,NA
"838",2019,"April-June","Utah",NA,NA,NA,NA,NA,NA,NA
"839",2019,"April-June","Vermont",NA,NA,NA,NA,NA,NA,NA
"840",2019,"April-June","Virginia",NA,NA,NA,NA,NA,NA,NA
"841",2019,"April-June","Washington",NA,NA,NA,NA,NA,NA,NA
"842",2019,"April-June","West Virginia",NA,NA,NA,NA,NA,NA,NA
"843",2019,"April-June","Wisconsin",NA,NA,NA,NA,NA,NA,NA
"844",2019,"April-June","Wyoming",NA,NA,NA,NA,NA,NA,NA
"845",2019,"April-June","Other States",NA,NA,NA,NA,NA,NA,NA
"846",2019,"April-June","United States",NA,NA,NA,NA,NA,NA,NA
"847",2019,"July-September","Alabama",7000,7000,990,14,160,330,5
"848",2019,"July-September","Arizona",26000,30000,2000,7,5500,3800,13
"849",2019,"July-September","Arkansas",20000,21000,2100,10,170,680,3
"850",2019,"July-September","California",650000,700000,93000,13,87000,108000,15
"851",2019,"July-September","Colorado",33000,36000,9500,26,2200,3400,9
"852",2019,"July-September","Connecticut",4400,4400,200,5,70,470,11
"853",2019,"July-September","Florida",210000,240000,20000,8,46000,33000,14
"854",2019,"July-September","Georgia",116000,118000,13000,11,12000,36000,31
"855",2019,"July-September","Hawaii",17000,17000,200,1,200,6000,35
"856",2019,"July-September","Idaho",95000,111000,10500,9,8500,12500,11
"857",2019,"July-September","Illinois",13500,13500,940,7,460,1300,10
"858",2019,"July-September","Indiana",14000,16000,1000,6,2200,1500,9
"859",2019,"July-September","Iowa",30000,33000,3400,10,2000,4800,15
"860",2019,"July-September","Kansas",7500,7500,1900,25,190,400,5
"861",2019,"July-September","Kentucky",8000,8500,850,10,700,430,5
"862",2019,"July-September","Louisiana",42000,44000,4100,9,4400,13000,30
"863",2019,"July-September","Maine",11500,12000,1100,9,460,3500,29
"864",2019,"July-September","Maryland",7500,7500,790,11,720,1200,16
"865",2019,"July-September","Massachusetts",13500,13500,1100,8,800,560,4
"866",2019,"July-September","Michigan",94000,99000,11000,11,3000,3300,3
"867",2019,"July-September","Minnesota",126000,129000,21000,16,5000,2100,2
"868",2019,"July-September","Mississippi",23000,23000,2900,13,550,850,4
"869",2019,"July-September","Missouri",10500,10500,500,5,260,350,3
"870",2019,"July-September","Montana",147000,154000,18500,12,3600,12500,8
"871",2019,"July-September","Nebraska",40000,41000,3700,9,680,1400,3
"872",2019,"July-September","New Jersey",16000,16000,680,4,650,3100,19
"873",2019,"July-September","New Mexico",2400,5500,170,3,1000,550,10
"874",2019,"July-September","New York",65000,69000,8500,12,3200,3700,5
"875",2019,"July-September","North Carolina",22000,22000,2700,12,1800,5000,23
"876",2019,"July-September","North Dakota",530000,530000,81000,15,15000,17500,3
"877",2019,"July-September","Ohio",19500,19500,1600,8,2800,3000,15
"878",2019,"July-September","Oklahoma",7500,7500,930,12,130,1100,15
"879",2019,"July-September","Oregon",83000,118000,8000,7,6000,21000,18
"880",2019,"July-September","Pennsylvania",19000,20000,980,5,1800,1900,10
"881",2019,"July-September","South Carolina",14500,14500,2200,15,2000,1400,10
"882",2019,"July-September","South Dakota",255000,255000,51000,20,1300,8000,3
"883",2019,"July-September","Tennessee",14000,14000,4500,32,2200,2200,16
"884",2019,"July-September","Texas",126000,133000,11000,8,6500,7000,5
"885",2019,"July-September","Utah",24000,29000,2800,10,3500,1700,6
"886",2019,"July-September","Vermont",7000,7000,120,2,80,490,7
"887",2019,"July-September","Virginia",9000,9000,570,6,350,820,9
"888",2019,"July-September","Washington",85000,97000,21000,22,12000,10000,10
"889",2019,"July-September","West Virginia",10000,10000,1100,11,200,1100,11
"890",2019,"July-September","Wisconsin",63000,63000,6500,10,2400,10000,16
"891",2019,"July-September","Wyoming",24000,27000,3000,11,2500,3500,13
"892",2019,"July-September","Other States",13660,13900,2080,15,320,900,6
"893",2019,"July-September","United States",3175960,NA,434700,14,252550,355330,11
"894",2019,"October-December","Alabama",6000,6000,660,11,240,70,1
"895",2019,"October-December","Arizona",34000,36000,7000,19,300,300,1
"896",2019,"October-December","Arkansas",19000,19500,1600,8,430,310,2
"897",2019,"October-December","California",700000,1300000,136000,10,160000,37000,3
"898",2019,"October-December","Colorado",27000,27000,8000,30,1100,440,2
"899",2019,"October-December","Connecticut",3800,4000,300,8,10,50,1
"900",2019,"October-December","Florida",270000,300000,30000,10,28000,15000,5
"901",2019,"October-December","Georgia",119000,131000,20000,15,10500,10500,8
"902",2019,"October-December","Hawaii",17000,17000,1300,8,300,50,NA
"903",2019,"October-December","Idaho",111000,196000,15500,8,1800,1000,1
"904",2019,"October-December","Illinois",13000,13000,1700,13,1000,1500,12
"905",2019,"October-December","Indiana",17500,17500,1300,7,160,180,1
"906",2019,"October-December","Iowa",32000,32000,7500,23,1500,530,2
"907",2019,"October-December","Kansas",4800,4900,650,13,190,460,9
"908",2019,"October-December","Kentucky",8500,8500,410,5,190,170,2
"909",2019,"October-December","Louisiana",41000,46000,2300,5,70,80,NA
"910",2019,"October-December","Maine",11500,11500,770,7,110,40,NA
"911",2019,"October-December","Maryland",6500,8000,1100,14,390,420,5
"912",2019,"October-December","Massachusetts",5000,5000,1200,24,60,130,3
"913",2019,"October-December","Michigan",84000,84000,6500,8,820,1500,2
"914",2019,"October-December","Minnesota",97000,97000,15500,16,3400,60,NA
"915",2019,"October-December","Mississippi",21000,29000,3400,12,350,50,NA
"916",2019,"October-December","Missouri",9000,10000,1500,15,260,10,NA
"917",2019,"October-December","Montana",71000,79000,7000,9,770,4000,5
"918",2019,"October-December","Nebraska",37000,38000,2700,7,320,10,NA
"919",2019,"October-December","New Jersey",15500,15500,220,1,60,80,1
"920",2019,"October-December","New Mexico",6000,6000,70,1,30,10,NA
"921",2019,"October-December","New York",65000,65000,10000,15,630,510,1
"922",2019,"October-December","North Carolina",17500,18000,3200,18,240,770,4
"923",2019,"October-December","North Dakota",420000,420000,27000,6,3000,4300,1
"924",2019,"October-December","Ohio",19000,19000,2700,14,800,390,2
"925",2019,"October-December","Oklahoma",6500,37000,2500,7,460,NA,NA
"926",2019,"October-December","Oregon",115000,130000,15000,12,650,2000,2
"927",2019,"October-December","Pennsylvania",21000,21000,3800,18,1600,1100,5
"928",2019,"October-December","South Carolina",12500,13500,1900,14,1400,430,3
"929",2019,"October-December","South Dakota",189000,189000,7500,4,NA,40,NA
"930",2019,"October-December","Tennessee",11000,11000,1300,12,20,70,1
"931",2019,"October-December","Texas",129000,240000,17500,7,8000,1700,1
"932",2019,"October-December","Utah",30000,32000,4400,14,970,90,NA
"933",2019,"October-December","Vermont",7000,7000,190,3,100,270,4
"934",2019,"October-December","Virginia",8000,8000,1200,15,10,190,2
"935",2019,"October-December","Washington",89000,93000,12500,13,810,100,NA
"936",2019,"October-December","West Virginia",7500,8000,1500,19,30,1600,20
"937",2019,"October-December","Wisconsin",46000,46000,8500,18,1800,3000,7
"938",2019,"October-December","Wyoming",27000,28000,3300,12,100,490,2
"939",2019,"October-December","Other States",11010,11510,1340,12,280,NA,NA
"940",2019,"October-December","United States",3018110,NA,399510,13,233260,91000,3
"941",2020,"January-March","Alabama",5500,8000,410,5,1000,780,10
"942",2020,"January-March","Arizona",29000,32000,6500,20,150,120,NA
"943",2020,"January-March","Arkansas",16500,17500,1200,7,700,30,NA
"944",2020,"January-March","California",1350000,1710000,230000,13,240000,66000,4
"945",2020,"January-March","Colorado",4500,16000,650,4,850,500,3
"946",2020,"January-March","Connecticut",3700,4100,330,8,60,NA,NA
"947",2020,"January-March","Florida",295000,310000,30000,10,41000,8000,3
"948",2020,"January-March","Georgia",115000,121000,14500,12,32000,22000,18
"949",2020,"January-March","Hawaii",16000,16000,1500,9,1000,2200,14
"950",2020,"January-March","Idaho",156000,168000,18500,11,4400,920,1
"951",2020,"January-March","Illinois",11500,13000,2100,16,900,160,1
"952",2020,"January-March","Indiana",11000,11500,1600,14,880,420,4
"953",2020,"January-March","Iowa",9000,21000,1600,8,1200,420,2
"954",2020,"January-March","Kansas",4500,7000,750,11,1200,130,2
"955",2020,"January-March","Kentucky",7000,10500,1200,11,1500,120,1
"956",2020,"January-March","Louisiana",44000,48000,4800,10,9000,20000,42
"957",2020,"January-March","Maine",1300,1700,130,8,NA,NA,NA
"958",2020,"January-March","Maryland",7000,7500,640,9,NA,30,NA
"959",2020,"January-March","Massachusetts",3800,4000,350,9,600,100,3
"960",2020,"January-March","Michigan",60000,65000,6000,9,3800,100,NA
"961",2020,"January-March","Minnesota",21000,57000,1000,2,2000,40,NA
"962",2020,"January-March","Mississippi",26000,28000,5000,18,16000,660,2
"963",2020,"January-March","Missouri",8500,8500,2100,25,30,NA,NA
"964",2020,"January-March","Montana",18000,48000,150,NA,NA,NA,NA
"965",2020,"January-March","Nebraska",9000,17000,670,4,70,NA,NA
"966",2020,"January-March","New Jersey",6500,7000,250,4,110,40,1
"967",2020,"January-March","New Mexico",6000,6000,40,1,120,NA,NA
"968",2020,"January-March","New York",29000,36000,3700,10,230,370,1
"969",2020,"January-March","North Carolina",15000,23000,2200,10,3000,490,2
"970",2020,"January-March","North Dakota",53000,82000,4500,5,2500,NA,NA
"971",2020,"January-March","Ohio",15500,20000,5500,28,840,1100,6
"972",2020,"January-March","Oklahoma",19500,19500,700,4,5000,NA,NA
"973",2020,"January-March","Oregon",97000,108000,4800,4,9000,1700,2
"974",2020,"January-March","Pennsylvania",18500,24000,1000,4,1100,320,1
"975",2020,"January-March","South Carolina",13000,16500,800,5,3500,1100,7
"976",2020,"January-March","South Dakota",20000,20000,1200,6,20,NA,NA
"977",2020,"January-March","Tennessee",8000,14000,1500,11,1000,130,1
"978",2020,"January-March","Texas",235000,340000,35000,10,83000,24000,7
"979",2020,"January-March","Utah",12000,17000,400,2,4200,NA,NA
"980",2020,"January-March","Vermont",6500,7500,520,7,NA,70,1
"981",2020,"January-March","Virginia",6000,7000,1100,16,1600,60,1
"982",2020,"January-March","Washington",49000,74000,1500,2,580,150,NA
"983",2020,"January-March","West Virginia",6000,8000,1100,14,450,680,9
"984",2020,"January-March","Wisconsin",16000,26000,1500,6,2000,370,1
"985",2020,"January-March","Wyoming",4000,17000,140,1,450,60,NA
"986",2020,"January-March","Other States",7800,8200,440,5,160,20,NA
"987",2020,"January-March","United States",2876100,NA,399570,14,477200,153390,5
"988",2020,"April-June","Alabama",8500,8500,4100,48,4700,2620,31
"989",2020,"April-June","Arizona",26000,26000,1300,5,14000,4700,18
"990",2020,"April-June","Arkansas",17000,17000,1900,11,5000,800,5
"991",2020,"April-June","California",1200000,1200000,74000,6,184000,240000,20
"992",2020,"April-June","Colorado",16500,27000,2100,8,6000,2800,10
"993",2020,"April-June","Connecticut",3900,4300,30,1,1200,480,11
"994",2020,"April-June","Florida",325000,325000,39000,12,36000,23000,7
"995",2020,"April-June","Georgia",141000,143000,10000,7,19500,19000,13
"996",2020,"April-June","Hawaii",15500,15500,40,NA,240,2300,15
"997",2020,"April-June","Idaho",48000,81000,14500,18,32000,29000,36
"998",2020,"April-June","Illinois",12000,12000,1500,13,4200,1700,14
"999",2020,"April-June","Indiana",11000,12000,920,8,4300,3200,27
"1000",2020,"April-June","Iowa",21000,29000,3600,12,14500,4700,16
"1001",2020,"April-June","Kansas",7500,8000,440,6,1800,1800,23
"1002",2020,"April-June","Kentucky",11000,11000,1200,11,4200,3500,32
"1003",2020,"April-June","Louisiana",53000,53000,1800,3,2200,4700,9
"1004",2020,"April-June","Maine",1600,22000,1300,6,520,110,1
"1005",2020,"April-June","Maryland",7000,8000,680,9,4500,1700,21
"1006",2020,"April-June","Massachusetts",4300,13500,740,5,980,590,4
"1007",2020,"April-June","Michigan",64000,79000,2600,3,9500,10000,13
"1008",2020,"April-June","Minnesota",59000,126000,6500,5,20000,2600,2
"1009",2020,"April-June","Mississippi",34000,37000,3000,8,3700,570,2
"1010",2020,"April-June","Missouri",6500,6500,390,6,2900,1200,18
"1011",2020,"April-June","Montana",48000,120000,3800,3,14000,16500,14
"1012",2020,"April-June","Nebraska",16500,39000,1800,5,7000,1100,3
"1013",2020,"April-June","New Jersey",7000,20000,760,4,1600,720,4
"1014",2020,"April-June","New Mexico",3100,6000,50,1,250,60,1
"1015",2020,"April-June","New York",33000,56000,4900,9,6500,3300,6
"1016",2020,"April-June","North Carolina",24000,25000,1600,6,6000,1300,5
"1017",2020,"April-June","North Dakota",67000,395000,17500,4,29000,37000,9
"1018",2020,"April-June","Ohio",15500,16500,1700,10,9500,3700,22
"1019",2020,"April-June","Oklahoma",16000,16000,1500,9,6000,3100,19
"1020",2020,"April-June","Oregon",89000,95000,2500,3,10500,19000,20
"1021",2020,"April-June","Pennsylvania",24000,27000,1000,4,6000,1700,6
"1022",2020,"April-June","South Carolina",19500,20000,1700,9,2700,2500,13
"1023",2020,"April-June","South Dakota",9500,205000,4600,2,8500,14500,7
"1024",2020,"April-June","Tennessee",13500,13500,1200,9,4200,3200,24
"1025",2020,"April-June","Texas",360000,385000,25000,6,75000,136000,35
"1026",2020,"April-June","Utah",21000,31000,2700,9,7000,13500,44
"1027",2020,"April-June","Vermont",7000,7000,260,4,700,130,2
"1028",2020,"April-June","Virginia",7500,8000,1200,15,4800,1300,16
"1029",2020,"April-June","Washington",50000,114000,3100,3,5000,3300,3
"1030",2020,"April-June","West Virginia",7500,7500,570,8,1600,1500,20
"1031",2020,"April-June","Wisconsin",27000,53000,1700,3,11500,4600,9
"1032",2020,"April-June","Wyoming",17500,24000,1600,7,2300,2100,9
"1033",2020,"April-June","Other States",6500,7440,250,3,1270,1500,20
"1034",2020,"April-June","United States",2982900,NA,252630,8,596860,632680,21
"1035",2020,"July-September","Alabama",9000,19000,3700,19,1800,990,5
"1036",2020,"July-September","Arizona",28000,30000,8000,27,2600,1800,6
"1037",2020,"July-September","Arkansas",19000,22000,1700,8,1500,390,2
"1038",2020,"July-September","California",640000,700000,69000,10,61000,108000,15
"1039",2020,"July-September","Colorado",29000,29000,7000,24,3800,5500,19
"1040",2020,"July-September","Connecticut",4700,4700,300,6,130,150,3
"1041",2020,"July-September","Florida",220000,230000,29000,13,36000,31000,13
"1042",2020,"July-September","Georgia",150000,163000,23000,14,22000,35000,21
"1043",2020,"July-September","Hawaii",18500,18500,500,3,4000,3400,18
"1044",2020,"July-September","Idaho",70000,85000,11000,13,18500,8500,10
"1045",2020,"July-September","Illinois",14000,14000,1400,10,770,690,5
"1046",2020,"July-September","Indiana",15000,15000,1600,11,1200,2700,18
"1047",2020,"July-September","Iowa",34000,38000,1800,5,1100,2900,8
"1048",2020,"July-September","Kansas",7000,7000,910,13,600,730,10
"1049",2020,"July-September","Kentucky",11500,12000,1400,12,800,510,4
"1050",2020,"July-September","Louisiana",48000,48000,2600,5,1200,3100,6
"1051",2020,"July-September","Maine",9500,10000,1500,15,700,820,8
"1052",2020,"July-September","Maryland",7500,7500,690,9,1200,220,3
"1053",2020,"July-September","Massachusetts",11000,11000,330,3,840,810,7
"1054",2020,"July-September","Michigan",96000,106000,34000,32,37000,11000,10
"1055",2020,"July-September","Minnesota",114000,119000,10500,9,1800,3700,3
"1056",2020,"July-September","Mississippi",26000,29000,1600,6,2500,130,NA
"1057",2020,"July-September","Missouri",8000,8000,730,9,290,820,10
"1058",2020,"July-September","Montana",138000,139000,8500,6,6500,28000,20
"1059",2020,"July-September","Nebraska",47000,48000,4300,9,3000,3100,6
"1060",2020,"July-September","New Jersey",17500,18500,2300,12,1500,1800,10
"1061",2020,"July-September","New Mexico",5500,5500,1600,29,3300,760,14
"1062",2020,"July-September","New York",61000,61000,3600,6,5500,1600,3
"1063",2020,"July-September","North Carolina",26000,27000,4600,17,950,5500,20
"1064",2020,"July-September","North Dakota",455000,495000,53000,11,57000,33000,7
"1065",2020,"July-September","Ohio",22000,22000,1900,9,730,2100,10
"1066",2020,"July-September","Oklahoma",7000,8000,1100,14,150,930,12
"1067",2020,"July-September","Oregon",102000,124000,12000,10,13000,28000,23
"1068",2020,"July-September","Pennsylvania",27000,27000,2200,8,2500,1200,4
"1069",2020,"July-September","South Carolina",12000,13500,1800,13,1200,2200,16
"1070",2020,"July-September","South Dakota",230000,235000,66000,28,30000,12500,5
"1071",2020,"July-September","Tennessee",15000,15000,2200,15,460,860,6
"1072",2020,"July-September","Texas",167000,173000,9500,5,9000,7500,4
"1073",2020,"July-September","Utah",24000,30000,2000,7,1500,2300,8
"1074",2020,"July-September","Vermont",7500,7500,210,3,700,180,2
"1075",2020,"July-September","Virginia",8500,8500,1200,14,910,730,9
"1076",2020,"July-September","Washington",94000,104000,7000,7,5000,8500,8
"1077",2020,"July-September","West Virginia",8000,8000,540,7,210,800,10
"1078",2020,"July-September","Wisconsin",68000,68000,8000,12,970,9000,13
"1079",2020,"July-September","Wyoming",33000,34000,3600,11,640,7500,22
"1080",2020,"July-September","Other States",10630,11630,2080,18,2230,700,6
"1081",2020,"July-September","United States",3175330,NA,411490,13,348280,381620,12
"1082",2020,"October-December","Alabama",17000,17000,1100,6,750,60,NA
"1083",2020,"October-December","Arizona",25000,27000,4000,15,5500,600,2
"1084",2020,"October-December","Arkansas",22000,23000,2100,9,380,780,3
"1085",2020,"October-December","California",700000,1400000,164000,12,120000,58000,4
"1086",2020,"October-December","Colorado",19000,19000,5000,26,930,20,NA
"1087",2020,"October-December","Connecticut",4300,4600,500,11,20,20,NA
"1088",2020,"October-December","Florida",240000,290000,29000,10,50000,17500,6
"1089",2020,"October-December","Georgia",165000,174000,30000,17,11000,11000,6
"1090",2020,"October-December","Hawaii",22000,22000,2700,12,200,370,2
"1091",2020,"October-December","Idaho",94000,180000,19000,11,8000,1700,1
"1092",2020,"October-December","Illinois",13000,13000,1700,13,330,410,3
"1093",2020,"October-December","Indiana",10000,11000,930,8,240,260,2
"1094",2020,"October-December","Iowa",38000,38000,4800,13,700,850,2
"1095",2020,"October-December","Kansas",6000,7000,2400,34,460,170,2
"1096",2020,"October-December","Kentucky",11500,11500,1100,10,380,520,5
"1097",2020,"October-December","Louisiana",46000,52000,1700,3,30,620,1
"1098",2020,"October-December","Maine",9000,9000,100,1,180,250,3
"1099",2020,"October-December","Maryland",6000,8000,980,12,60,460,6
"1100",2020,"October-December","Massachusetts",10000,10000,390,4,270,90,1
"1101",2020,"October-December","Michigan",97000,101000,10500,10,2400,1600,2
"1102",2020,"October-December","Minnesota",99000,105000,9500,9,1200,340,NA
"1103",2020,"October-December","Mississippi",30000,37000,3800,10,300,30,NA
"1104",2020,"October-December","Missouri",6500,7000,750,11,20,110,2
"1105",2020,"October-December","Montana",81000,92000,14000,15,3500,290,NA
"1106",2020,"October-December","Nebraska",43000,43000,7000,16,280,2500,6
"1107",2020,"October-December","New Jersey",18000,18000,310,2,2000,480,3
"1108",2020,"October-December","New Mexico",2400,3600,190,5,80,50,1
"1109",2020,"October-December","New York",52000,52000,4100,8,2400,5000,10
"1110",2020,"October-December","North Carolina",16500,22000,2500,11,200,9000,41
"1111",2020,"October-December","North Dakota",445000,445000,45000,10,12500,NA,NA
"1112",2020,"October-December","Ohio",21000,21000,1600,8,10,490,2
"1113",2020,"October-December","Oklahoma",7000,28000,300,1,250,NA,NA
"1114",2020,"October-December","Oregon",122000,123000,15500,13,7000,2600,2
"1115",2020,"October-December","Pennsylvania",23000,25000,1900,8,580,440,2
"1116",2020,"October-December","South Carolina",11500,18500,2600,14,270,210,1
"1117",2020,"October-December","South Dakota",197000,197000,16000,8,1000,150,NA
"1118",2020,"October-December","Tennessee",13500,13500,680,5,20,640,5
"1119",2020,"October-December","Texas",144000,255000,43000,17,27000,1700,1
"1120",2020,"October-December","Utah",29000,29000,3800,13,1800,50,NA
"1121",2020,"October-December","Vermont",8000,8000,270,3,30,NA,NA
"1122",2020,"October-December","Virginia",8000,8500,1000,12,70,450,5
"1123",2020,"October-December","Washington",102000,103000,16500,16,6000,2000,2
"1124",2020,"October-December","West Virginia",7500,7500,550,7,120,800,11
"1125",2020,"October-December","Wisconsin",60000,60000,8000,13,2800,4700,8
"1126",2020,"October-December","Wyoming",23000,25000,1600,6,160,380,2
"1127",2020,"October-December","Other States",10640,10740,2470,23,80,1300,12
"1128",2020,"October-December","United States",3135340,NA,484920,15,271500,128990,4
"1129",2021,"January-March","Alabama",10000,10000,1200,12,670,200,2
"1130",2021,"January-March","Arizona",29000,29000,7000,24,3500,180,1
"1131",2021,"January-March","Arkansas",21000,21000,2200,10,790,130,1
"1132",2021,"January-March","California",1240000,1550000,193000,12,76000,84000,5
"1133",2021,"January-March","Colorado",3000,16500,640,4,850,30,NA
"1134",2021,"January-March","Connecticut",4200,4200,780,19,350,50,1
"1135",2021,"January-March","Florida",300000,305000,31000,10,42000,17000,6
"1136",2021,"January-March","Georgia",120000,120000,20000,17,34000,14500,12
"1137",2021,"January-March","Hawaii",19500,19500,900,5,2400,1600,8
"1138",2021,"January-March","Idaho",168000,171000,15000,9,9000,8500,5
"1139",2021,"January-March","Illinois",9500,12500,3000,24,3300,200,2
"1140",2021,"January-March","Indiana",10000,11000,2700,25,3500,20,NA
"1141",2021,"January-March","Iowa",15000,25000,2100,8,3100,30,NA
"1142",2021,"January-March","Kansas",5000,6500,1400,22,2300,10,NA
"1143",2021,"January-March","Kentucky",9500,9500,2100,22,2500,80,1
"1144",2021,"January-March","Louisiana",51000,53000,7500,14,1100,3000,6
"1145",2021,"January-March","Maine",2900,2900,300,10,60,80,3
"1146",2021,"January-March","Maryland",7000,7000,1200,17,590,240,3
"1147",2021,"January-March","Massachusetts",5000,5000,1000,20,30,90,2
"1148",2021,"January-March","Michigan",78000,78000,1500,2,320,4100,5
"1149",2021,"January-March","Minnesota",41000,68000,3200,5,2900,140,NA
"1150",2021,"January-March","Mississippi",33000,36000,5500,15,14500,3800,11
"1151",2021,"January-March","Missouri",5500,5500,1500,27,780,40,1
"1152",2021,"January-March","Montana",40000,51000,310,1,NA,20,NA
"1153",2021,"January-March","Nebraska",11000,17500,640,4,1300,NA,NA
"1154",2021,"January-March","New Jersey",14000,14000,360,3,610,80,1
"1155",2021,"January-March","New Mexico",3500,3500,230,7,2200,NA,NA
"1156",2021,"January-March","New York",30000,30000,4900,16,3400,380,1
"1157",2021,"January-March","North Carolina",18000,21000,2100,10,2700,110,1
"1158",2021,"January-March","North Dakota",51000,65000,180,NA,2700,NA,NA
"1159",2021,"January-March","Ohio",17500,17500,4000,23,120,20,NA
"1160",2021,"January-March","Oklahoma",28000,28000,2600,9,4100,360,1
"1161",2021,"January-March","Oregon",76000,79000,3100,4,2600,610,1
"1162",2021,"January-March","Pennsylvania",20000,21000,5500,26,4100,40,NA
"1163",2021,"January-March","South Carolina",15500,18500,1200,6,930,190,1
"1164",2021,"January-March","South Dakota",28000,34000,450,1,NA,NA,NA
"1165",2021,"January-March","Tennessee",12000,13000,2200,17,960,310,2
"1166",2021,"January-March","Texas",240000,345000,23000,7,56000,13000,4
"1167",2021,"January-March","Utah",17500,18500,2500,14,4000,NA,NA
"1168",2021,"January-March","Vermont",7500,7500,1300,17,670,70,1
"1169",2021,"January-March","Virginia",7000,7000,1400,20,2300,50,1
"1170",2021,"January-March","Washington",48000,67000,6000,9,5500,850,1
"1171",2021,"January-March","West Virginia",7000,7500,1200,16,1700,720,10
"1172",2021,"January-March","Wisconsin",25000,37000,2500,7,7000,170,NA
"1173",2021,"January-March","Wyoming",13000,14500,1700,12,500,1200,8
"1174",2021,"January-March","Other States",6640,6640,540,8,600,70,1
"1175",2021,"January-March","United States",2923240,NA,372630,13,308530,156270,5
"1176",2021,"April-June","Alabama",9500,9500,2700,28,2800,930,10
"1177",2021,"April-June","Arizona",26000,26000,4200,16,8500,7500,29
"1178",2021,"April-June","Arkansas",12000,12000,1600,13,9000,6000,50
"1179",2021,"April-June","California",1050000,1060000,64000,6,200000,180000,17
"1180",2021,"April-June","Colorado",17000,22000,5500,25,4800,1100,5
"1181",2021,"April-June","Connecticut",3800,4000,60,2,960,400,10
"1182",2021,"April-June","Florida",300000,300000,33000,11,52000,31000,10
"1183",2021,"April-June","Georgia",135000,136000,20000,15,25000,18500,14
"1184",2021,"April-June","Hawaii",21000,21000,630,3,460,1200,6
"1185",2021,"April-June","Idaho",86000,120000,19500,16,40000,19000,16
"1186",2021,"April-June","Illinois",13000,13000,1100,8,3700,2100,16
"1187",2021,"April-June","Indiana",12000,12500,560,4,4000,1000,8
"1188",2021,"April-June","Iowa",26000,27000,2200,8,10500,3900,14
"1189",2021,"April-June","Kansas",7500,8000,870,11,4900,1600,20
"1190",2021,"April-June","Kentucky",10000,11500,270,2,2100,4500,39
"1191",2021,"April-June","Louisiana",29000,30000,2300,8,8000,2000,7
"1192",2021,"April-June","Maine",2000,18000,1100,6,430,260,1
"1193",2021,"April-June","Maryland",6500,7500,320,4,2600,690,9
"1194",2021,"April-June","Massachusetts",4000,10000,810,8,1400,310,3
"1195",2021,"April-June","Michigan",75000,97000,3500,4,10000,8000,8
"1196",2021,"April-June","Minnesota",69000,98000,5500,6,28000,4000,4
"1197",2021,"April-June","Mississippi",34000,35000,4800,14,9000,8000,23
"1198",2021,"April-June","Missouri",4800,4800,670,14,2000,670,14
"1199",2021,"April-June","Montana",38000,116000,3100,3,13500,15500,13
"1200",2021,"April-June","Nebraska",18500,37000,1800,5,8500,810,2
"1201",2021,"April-June","New Jersey",14500,19500,410,2,1400,140,1
"1202",2021,"April-June","New Mexico",5500,5500,540,10,80,2300,42
"1203",2021,"April-June","New York",29000,50000,3000,6,14500,4100,8
"1204",2021,"April-June","North Carolina",22000,23000,1700,7,6000,3300,14
"1205",2021,"April-June","North Dakota",42000,395000,4400,1,4800,3500,1
"1206",2021,"April-June","Ohio",13000,13500,820,6,6500,2400,18
"1207",2021,"April-June","Oklahoma",17000,17000,3600,21,4200,190,1
"1208",2021,"April-June","Oregon",80000,84000,3300,4,25000,19500,23
"1209",2021,"April-June","Pennsylvania",20000,23000,2100,9,7000,2800,12
"1210",2021,"April-June","South Carolina",18500,19500,1800,9,4100,5000,26
"1211",2021,"April-June","South Dakota",16500,198000,6500,3,39000,19000,10
"1212",2021,"April-June","Tennessee",12000,12000,720,6,4800,3400,28
"1213",2021,"April-June","Texas",385000,425000,34000,8,65000,72000,17
"1214",2021,"April-June","Utah",20000,31000,3500,11,8500,3900,13
"1215",2021,"April-June","Vermont",7000,7000,40,1,770,570,8
"1216",2021,"April-June","Virginia",8000,8500,530,6,3100,820,10
"1217",2021,"April-June","Washington",66000,122000,2900,2,9500,2600,2
"1218",2021,"April-June","West Virginia",8000,9000,170,2,1900,390,4
"1219",2021,"April-June","Wisconsin",42000,57000,2200,4,9000,7500,13
"1220",2021,"April-June","Wyoming",13500,30000,3400,11,7500,4900,16
"1221",2021,"April-June","Other States",5970,8410,140,2,2890,3100,37
"1222",2021,"April-June","United States",2855070,NA,255860,9,677690,480380,17
